CELL_ID,strava_score_raw
다사38505375,18.2
다사38755300,18.2
다사38755325,55.7
다사38755350,55.7
다사38755375,88.7
다사39005350,37.5
다사39005375,151.4
다사39005400,70.5
다사39255350,43.4
다사39255375,113.9
다사39504900,16.433333333333334
다사39504925,16.433333333333334
다사39504950,16.433333333333334
다사39504975,16.433333333333334
다사39505000,16.433333333333334
다사39505025,12.833333333333334
다사39505350,43.4
다사39505375,43.4
다사39754175,129.0
다사39754200,129.0
다사39754225,51.16666666666666
다사39754250,51.16666666666666
다사39754275,51.16666666666666
다사39754925,45.66666666666666
다사39754950,37.0
다사39755000,2.7142857142857144
다사40004175,180.16666666666663
다사40004200,51.16666666666666
다사40004225,51.16666666666666
다사40004275,38.4
다사40004300,38.4
다사40004900,8.666666666666666
다사40004925,45.66666666666666
다사40004950,37.0
다사40004975,39.71428571428572
다사40005000,2.7142857142857144
다사40005025,2.7142857142857144
다사40005175,35.333333333333336
다사40005200,35.333333333333336
다사40005375,102.03846153846152
다사40005400,102.03846153846152
다사40254275,38.4
다사40254300,38.4
다사40254650,20.0
다사40254675,20.0
다사40254700,20.0
다사40254925,37.0
다사40254950,37.0
다사40254975,2.7142857142857144
다사40255000,2.7142857142857144
다사40255025,2.7142857142857144
다사40255175,64.33333333333334
다사40255375,102.03846153846152
다사40504300,38.4
다사40504475,38.0
다사40504600,67.5
다사40504625,33.0
다사40505350,102.03846153846152
다사40505375,102.03846153846152
다사40754300,88.33333333333333
다사40754325,88.33333333333333
다사40754575,34.5
다사40754600,60.83333333333333
다사40754625,59.33333333333333
다사40754750,2051.0
다사40754775,467.0
다사40755175,260.0
다사40755200,1714.6666666666667
다사40755225,1714.6666666666667
다사40755250,1714.6666666666667
다사40755350,102.03846153846152
다사41004325,88.33333333333333
다사41004575,34.5
다사41004600,26.33333333333333
다사41004750,467.0
다사41005175,260.0
다사41005200,260.0
다사41005225,260.0
다사41005250,260.0
다사41005275,1098.75
다사41005300,1098.75
다사41005325,1200.7884615384614
다사41005350,102.03846153846152
다사41255325,1200.7884615384614
다사41505000,115.25
다사41505025,115.25
다사41505050,66.66666666666667
다사41505275,35.666666666666664
다사41505300,102.03846153846152
다사41505325,102.03846153846152
다사41755000,115.25
다사41755025,394.6666666666667
다사41755050,394.6666666666667
다사41755275,35.666666666666664
다사41755300,137.7051282051282
다사42004175,21.071428571428573
다사42004200,21.071428571428573
다사42004225,21.071428571428573
다사42004250,21.071428571428573
다사42004400,9.75
다사42004425,9.75
다사42004825,4.25
다사42004850,4.25
다사42004875,4.25
다사42005000,115.25
다사42005025,1460.0
다사42005050,328.0
다사42005275,362.37179487179486
다사42005300,102.03846153846152
다사42254250,21.071428571428573
다사42254400,3.75
다사42254425,9.75
다사42254825,4.25
다사42255250,374.12179487179486
다사42255275,374.12179487179486
다사42504250,21.071428571428573
다사42504500,107.25
다사42504525,107.25
다사42505250,113.78846153846152
다사42754250,21.071428571428573
다사42754275,21.071428571428573
다사42754300,21.071428571428573
다사42754500,107.25
다사42754525,107.25
다사42754550,24.0
다사42755050,11.6
다사42755225,113.78846153846152
다사42755250,113.78846153846152
다사43004300,21.071428571428573
다사43004550,24.0
다사43004975,27.666666666666668
다사43005000,27.666666666666668
다사43005025,11.6
다사43005050,11.6
다사43005200,113.78846153846152
다사43005225,113.78846153846152
다사43254300,21.071428571428573
다사43254325,21.071428571428573
다사43254350,45.13392857142857
다사43255000,39.266666666666666
다사43255025,11.6
다사43255175,1678.6884615384615
다사43255200,3024.188461538461
다사43255225,1345.5
다사43504350,45.13392857142857
다사43505175,1678.6884615384615
다사43505225,1345.5
다사43505250,1345.5
다사43754350,24.0625
다사43754375,24.0625
다사43755150,3205.5884615384616
다사43755175,1678.6884615384615
다사43755250,1345.5
다사43755275,1348.6666666666667
다사44004375,24.0625
다사44004400,24.0625
다사44004525,6.4
다사44004550,6.4
다사44004650,213.25
다사44004675,213.25
다사44005025,25.5
다사44005050,25.5
다사44005125,3103.55
다사44005150,3103.55
다사44005275,893.7680491551458
다사44005300,1196.9347158218125
다사44005325,166.38709677419354
다사44254275,35.94485294117647
다사44254300,35.94485294117647
다사44254350,1787.0625
다사44254375,3229.8125
다사44254400,1493.455357142857
다사44254425,1469.392857142857
다사44254450,2511.559523809524
다사44254475,1068.809523809524
다사44254525,6.4
다사44254550,6.4
다사44254575,6.4
다사44254650,213.25
다사44254675,213.25
다사44255100,3103.55
다사44255125,3103.55
다사44255225,3.1666666666666665
다사44255250,893.7680491551458
다사44255275,893.7680491551458
다사44255300,306.3333333333333
다사44255325,472.72043010752685
다사44504225,35.94485294117647
다사44504250,1437.7448529411763
다사44504275,1437.7448529411763
다사44504300,1774.8823529411766
다사44504325,1774.8823529411766
다사44504475,1068.809523809524
다사44504500,1068.809523809524
다사44504525,1068.809523809524
다사44504550,2066.2380952380954
다사44504575,763.0
다사44504600,763.0
다사44505075,1538.65
다사44505100,3103.55
다사44505200,3.1666666666666665
다사44505225,3.1666666666666665
다사44505250,890.6013824884792
다사44505325,472.72043010752685
다사44754175,131.23056722689077
다사44754200,1437.7448529411763
다사44754225,1413.6823529411763
다사44754250,1401.8
다사44754550,1024.071428571429
다사44754575,1024.071428571429
다사44754600,1786.071428571429
다사44754625,763.0
다사44754825,140.75
다사44754850,140.75
다사44754925,274.0
다사44755025,636.7970401691332
다사44755050,2175.4470401691333
다사44755075,1541.7197674418603
다사44755175,3.1666666666666665
다사44755200,3.1666666666666665
다사44755225,890.6013824884792
다사44755250,890.6013824884792
다사44755300,306.3333333333333
다사44755325,472.72043010752685
다사45004125,107.16806722689076
다사45004150,107.16806722689076
다사45004175,11.882352941176473
다사45004600,1024.071428571429
다사45004625,1786.071428571429
다사45004650,766.0697674418604
다사45004675,766.0697674418604
다사45004700,46.06976744186046
다사45004725,481.0697674418605
다사45004750,3.069767441860465
다사45004775,3.069767441860465
다사45004825,140.75
다사45004850,140.75
다사45004975,3.069767441860465
다사45005000,3844.047040169133
다사45005025,3844.047040169133
다사45005050,4748.96976744186
다사45005175,3.1666666666666665
다사45005200,3951.268049155146
다사45005225,1881.1013824884792
다사45005300,166.38709677419354
다사45005325,166.38709677419354
다사45254100,107.16806722689076
다사45254125,107.16806722689076
다사45254150,11.882352941176473
다사45254625,1046.071428571429
다사45254650,3104.0697674418607
다사45254675,3.069767441860465
다사45254700,117.1531007751938
다사45254725,531.1531007751938
다사45254750,96.1531007751938
다사45254775,3.069767441860465
다사45254950,636.7970401691332
다사45254975,2219.9398973119905
다사45255000,5427.18989731199
다사45255025,11.75
다사45255050,11.75
다사45255150,3.1666666666666665
다사45255175,2963.9347158218125
다사45255200,2960.768049155146
다사45255225,2298.7
다사45255250,2298.7
다사45255275,166.38709677419354
다사45255300,166.38709677419354
다사45255425,33.0
다사45255450,33.0
다사45255475,18.25
다사45504075,95.28571428571428
다사45504100,107.16806722689076
다사45504600,1.0
다사45504625,23.0
다사45504700,21.0
다사45504750,96.1531007751938
다사45504775,96.1531007751938
다사45504800,3.069767441860465
다사45504900,636.7970401691332
다사45504925,636.7970401691332
다사45504950,2219.9398973119905
다사45504975,1586.2126245847176
다사45505000,11.75
다사45505025,11.75
다사45505150,3.1666666666666665
다사45505175,2960.768049155146
다사45505225,233.2
다사45505250,3484.015668202765
다사45505275,3250.8156682027648
다사45505425,33.0
다사45505475,18.25
다사45505500,18.25
다사45754600,1.0
다사45754625,22.0
다사45754775,96.1531007751938
다사45754800,96.1531007751938
다사45754825,3.069767441860465
다사45754850,3.069767441860465
다사45754875,96.1531007751938
다사45754900,4246.939897311991
다사45754925,1586.2126245847176
다사45754950,1586.2126245847176
다사45754975,3.069767441860465
다사45755000,11.75
다사45755125,3.1666666666666665
다사45755150,2963.9347158218125
다사45755175,2960.768049155146
다사45755225,233.2
다사45755250,2175.8156682027648
다사45755500,18.25
다사46004575,1.0
다사46004600,1.0
다사46004800,2123.1531007751937
다사46004825,2123.1531007751937
다사46004850,2123.1531007751937
다사46004875,2123.1531007751937
다사46004900,2030.0697674418604
다사46004975,11.75
다사46005000,11.75
다사46005125,8016.166666666667
다사46005150,166.38709677419354
다사46005175,166.38709677419354
다사46005200,2175.8156682027648
다사46005225,2175.8156682027648
다사46005250,2175.8156682027648
다사46254450,2040.5
다사46254475,2040.5
다사46254625,127.66666666666666
다사46254650,127.66666666666666
다사46254675,111.33333333333331
다사46255075,2249.8
다사46255125,95.23333333333332
다사46255200,2175.8156682027648
다사46255225,41.0
다사46255250,41.0
다사46255275,41.0
다사46504525,153.5
다사46504550,44.5
다사46504625,16.333333333333332
다사46504650,16.333333333333332
다사46505050,2249.8
다사46505075,2249.8
다사46505100,1095.5
다사46505125,95.23333333333332
다사46505150,95.23333333333332
다사46505200,130.0
다사46505225,130.0
다사46754525,109.0
다사46754625,16.333333333333332
다사46754650,16.333333333333332
다사46755025,2249.8
다사46755050,2249.8
다사46755100,1095.5
다사46755125,92.06666666666666
다사46755150,366.56666666666666
다사46755175,274.5
다사46755200,404.5
다사46755225,133.16666666666666
다사46755250,3.1666666666666665
다사46755450,45.526315789473685
다사46755475,510.3263157894737
다사46755500,510.3263157894737
다사47003725,54.6
다사47004925,5232.0
다사47005000,2249.8
다사47005025,2249.8
다사47005150,92.06666666666666
다사47005175,271.3333333333333
다사47005200,271.3333333333333
다사47005225,271.3333333333333
다사47005250,271.3333333333333
다사47005275,271.3333333333333
다사47005300,271.3333333333333
다사47005400,45.526315789473685
다사47005425,45.526315789473685
다사47005450,512.8263157894737
다사47005475,510.3263157894737
다사47005500,510.3263157894737
다사47005525,505.1263157894737
다사47005550,505.1263157894737
다사47005575,505.1263157894737
다사47005600,505.1263157894737
다사47005625,1712.6263157894737
다사47005650,1253.0263157894738
다사47005675,1256.5263157894738
다사47005700,1527.5263157894738
다사47005725,271.0
다사47005750,271.0
다사47253725,54.6
다사47254300,657.8333333333334
다사47254400,27.0
다사47254925,5232.0
다사47254950,5232.0
다사47254975,932.8
다사47255000,932.8
다사47255150,92.06666666666666
다사47255175,92.06666666666666
다사47255325,5.5
다사47255350,5.5
다사47255400,48.026315789473685
다사47255425,48.026315789473685
다사47255450,48.026315789473685
다사47255750,271.0
다사47256100,50.22222222222222
다사47503725,67.43333333333334
다사47503750,54.6
다사47504050,58.0
다사47504300,657.8333333333334
다사47504400,27.0
다사47504425,27.0
다사47504950,5232.0
다사47504975,6164.8
다사47505175,92.06666666666666
다사47505325,5.5
다사47505350,5.5
다사47505375,5.5
다사47505775,125.73333333333332
다사47505800,475.4
다사47505825,475.4
다사47505850,475.4
다사47505900,326.53333333333336
다사47505925,326.53333333333336
다사47505950,125.73333333333332
다사47506100,50.22222222222222
다사47753725,14.369918699186991
다사47753750,68.96991869918699
다사47753775,14.369918699186991
다사47753950,14.0
다사47754100,11.666666666666666
다사47754125,11.666666666666666
다사47754300,657.8333333333334
다사47754625,101.0
다사47754650,101.0
다사47754750,53.075
다사47754775,53.075
다사47754800,53.075
다사47754825,1237.3826923076924
다사47755125,2.5
다사47755150,2.5
다사47755175,92.06666666666666
다사47755350,5.5
다사47755375,5.5
다사47755400,5.5
다사47755800,125.73333333333332
다사47755850,125.73333333333332
다사47755875,125.73333333333332
다사47755900,326.53333333333336
다사47755925,200.8
다사47755950,326.53333333333336
다사47756100,50.22222222222222
다사48003775,14.369918699186991
다사48003800,14.369918699186991
다사48003825,1.5365853658536586
다사48003975,26.666666666666668
다사48004000,26.666666666666668
다사48004100,11.666666666666666
다사48004300,657.8333333333334
다사48004325,657.8333333333334
다사48004625,101.0
다사48004700,53.075
다사48004725,53.075
다사48004750,53.075
다사48004825,1237.3826923076924
다사48004850,1429.271581196581
다사48005125,2.5
다사48005150,2.5
다사48005175,92.06666666666666
다사48005200,92.06666666666666
다사48005400,494.5
다사48005425,494.5
다사48005450,494.5
다사48005950,125.73333333333332
다사48005975,589.2333333333333
다사48006075,50.22222222222222
다사48253775,12.833333333333334
다사48253800,12.833333333333334
다사48253825,1.5365853658536586
다사48253925,4.8
다사48253950,4.8
다사48253975,26.666666666666668
다사48254325,657.8333333333334
다사48254350,8.125
다사48254375,8.125
다사48254675,353.7892857142857
다사48254700,1559.2892857142856
다사48254725,1205.5
다사48254850,1429.271581196581
다사48255125,2.5
다사48255150,2.5
다사48255200,92.06666666666666
다사48255225,92.06666666666666
다사48255450,494.5
다사48255475,494.5
다사48255500,494.5
다사48255525,5.5
다사48255550,5.5
다사48255900,15.5
다사48255975,589.2333333333333
다사48256050,265.22222222222223
다사48256075,50.22222222222222
다사48503800,12.833333333333334
다사48503825,14.369918699186991
다사48503850,153.869918699187
다사48503875,153.869918699187
다사48503925,4.8
다사48503950,4.8
다사48503975,26.666666666666668
다사48504200,46.0
다사48504225,46.0
다사48504350,646.9821428571429
다사48504375,3160.125
다사48504400,8.125
다사48504650,53.075
다사48504675,353.7892857142857
다사48504700,1205.5
다사48504725,1205.5
다사48504825,1429.271581196581
다사48504850,1429.271581196581
다사48505175,285.0
다사48505200,285.0
다사48505225,92.06666666666666
다사48505900,38.5
다사48505925,23.0
다사48505950,28.166666666666668
다사48505975,624.0
다사48506000,839.0
다사48506025,215.0
다사48506050,265.22222222222223
다사48506075,50.22222222222222
다사48753825,12.833333333333334
다사48753850,12.833333333333334
다사48753875,153.869918699187
다사48753900,153.869918699187
다사48753925,4.8
다사48753950,26.666666666666668
다사48753975,26.666666666666668
다사48754300,638.8571428571429
다사48754325,638.8571428571429
다사48754350,646.9821428571429
다사48754375,3160.125
다사48754400,8.125
다사48754650,353.7892857142857
다사48754675,300.7142857142857
다사48754725,1205.5
다사48754750,1205.5
다사48754825,1429.271581196581
다사48754975,840.0
다사48755150,285.0
다사48755175,285.0
다사48755875,23.0
다사48755900,47.5
다사48755925,24.5
다사48755950,351.4166666666667
다사48755975,301.4166666666667
다사48756075,50.22222222222222
다사49003875,30.75
다사49003900,153.869918699187
다사49003925,153.869918699187
다사49003950,1.5365853658536586
다사49004025,36.0
다사49004100,13.5
다사49004125,8.75
다사49004150,8.75
다사49004175,9.75
다사49004200,9.75
다사49004275,638.8571428571429
다사49004300,638.8571428571429
다사49004625,53.075
다사49004650,353.7892857142857
다사49004750,1205.5
다사49004775,1205.5
다사49004800,1237.3826923076924
다사49004825,1429.271581196581
다사49004975,840.0
다사49005100,285.0
다사49005125,285.0
다사49005150,285.0
다사49005225,3.5
다사49005250,3.5
다사49005925,370.75
다사49005950,351.4166666666667
다사49005975,301.4166666666667
다사49006000,301.4166666666667
다사49253875,30.75
다사49253925,1.5365853658536586
다사49253950,1.5365853658536586
다사49254000,39.14285714285714
다사49254025,36.0
다사49254050,8.0
다사49254100,13.5
다사49254150,8.75
다사49254175,18.5
다사49254200,9.75
다사49254275,638.8571428571429
다사49254525,269.0
다사49254550,269.0
다사49254625,53.075
다사49254650,300.7142857142857
다사49254750,1205.5
다사49254775,1205.5
다사49254800,1429.271581196581
다사49254825,191.88888888888889
다사49254975,840.0
다사49255000,53.333333333333336
다사49255025,53.333333333333336
다사49255100,285.0
다사49255225,3.5
다사49255250,3.5
다사49255450,32.707070707070706
다사49255475,15.818181818181818
다사49255925,370.75
다사49255950,5.166666666666667
다사49256000,301.4166666666667
다사49503850,30.75
다사49503875,30.75
다사49503950,1.5365853658536586
다사49503975,1.5365853658536586
다사49504000,11.142857142857142
다사49504025,11.142857142857142
다사49504050,11.142857142857142
다사49504075,11.142857142857142
다사49504625,53.075
다사49504775,1237.3826923076924
다사49504800,1429.271581196581
다사49504925,1744.7142857142858
다사49504975,840.0
다사49505025,53.333333333333336
다사49505050,12.0
다사49505200,3.5
다사49505225,3.5
다사49505375,16.88888888888889
다사49505400,16.88888888888889
다사49505425,32.707070707070706
다사49505450,32.707070707070706
다사49505475,15.818181818181818
다사49505500,15.818181818181818
다사49505900,24.5
다사49505925,24.5
다사49505950,5.166666666666667
다사49506000,88.66666666666667
다사49753825,37.833333333333336
다사49753975,1.5365853658536586
다사49754025,11.142857142857142
다사49754050,11.142857142857142
다사49754150,516.3333333333334
다사49754175,516.3333333333334
다사49754200,516.3333333333334
다사49754225,516.3333333333334
다사49754625,53.075
다사49754750,53.075
다사49754775,1237.3826923076924
다사49754800,690.0
다사49754925,1744.7142857142858
다사49754975,840.0
다사49755025,12.0
다사49755150,2284.0
다사49755350,16.88888888888889
다사49755375,16.88888888888889
다사49755400,16.88888888888889
다사49755500,15.818181818181818
다사49755525,15.818181818181818
다사49755825,1221.5
다사49755850,1221.5
다사49755900,453.2
다사49755950,5.166666666666667
다사49756000,88.66666666666667
다사50003775,85.58333333333334
다사50003800,37.833333333333336
다사50003825,37.833333333333336
다사50003925,98.0
다사50003950,98.0
다사50003975,99.53658536585364
다사50004000,1.5365853658536586
다사50004175,521.0833333333334
다사50004200,516.3333333333334
다사50004625,53.075
다사50004650,53.075
다사50004725,53.075
다사50004750,53.075
다사50004800,690.0
다사50004825,690.0
다사50004925,1744.7142857142858
다사50005150,2284.0
다사50005350,16.88888888888889
다사50005525,15.818181818181818
다사50005725,57.333333333333336
다사50005800,684.0
다사50005825,684.0
다사50005900,453.2
다사50005925,453.2
다사50006000,88.66666666666667
다사50006025,88.66666666666667
다사50253750,102.25
다사50253775,140.08333333333334
다사50253800,37.833333333333336
다사50254000,1.5365853658536586
다사50254175,4.75
다사50254650,53.075
다사50254700,53.075
다사50254725,53.075
다사50254825,690.0
다사50254850,690.0
다사50254900,1744.7142857142858
다사50254925,1744.7142857142858
다사50255500,15.818181818181818
다사50255525,15.818181818181818
다사50255550,11.1
다사50255700,362.1666666666667
다사50255725,419.5
다사50255750,57.333333333333336
다사50255800,684.0
다사50255925,453.2
다사50255975,227.33333333333331
다사50256000,227.33333333333331
다사50256025,88.66666666666667
다사50256075,227.33333333333331
다사50256100,250.91666666666669
다사50256125,23.58333333333333
다사50256150,23.58333333333333
다사50503750,47.75
다사50504000,1.5365853658536586
다사50504025,1.5365853658536586
다사50504175,4.75
다사50504650,3421.275
다사50504675,3421.275
다사50504700,53.075
다사50504850,2620.125
다사50504875,1788.8392857142858
다사50504900,1744.7142857142858
다사50504975,639.0
다사50505275,204.3
다사50505300,263.55
다사50505325,263.55
다사50505350,263.55
다사50505375,2.5
다사50505550,17.982352941176472
다사50505575,17.982352941176472
다사50505600,17.982352941176472
다사50505625,283.375
다사50505650,283.375
다사50505675,645.5416666666667
다사50505700,362.1666666666667
다사50505725,362.1666666666667
다사50505750,57.333333333333336
다사50505925,453.2
다사50506000,227.33333333333331
다사50506025,227.33333333333331
다사50506050,227.33333333333331
다사50506075,227.33333333333331
다사50506150,23.58333333333333
다사50753950,55.0
다사50753975,55.0
다사50754025,1.5365853658536586
다사50754175,4.75
다사50754650,3368.2
다사50754825,1930.125
다사50754850,1930.125
다사50754950,639.0
다사50754975,639.0
다사50755125,251.0
다사50755275,590.3
다사50755300,445.25
다사50755350,2.5
다사50755500,6.882352941176471
다사50755525,6.882352941176471
다사50755550,6.882352941176471
다사50755600,17.982352941176472
다사50755625,294.475
다사50755675,362.1666666666667
다사50755750,57.333333333333336
다사50755775,57.333333333333336
다사50756025,227.33333333333331
다사50756125,23.58333333333333
다사50756150,23.58333333333333
다사51003750,1.5365853658536586
다사51003775,32.28658536585366
다사51003800,1.5365853658536586
다사51003825,1.5365853658536586
다사51003850,1.5365853658536586
다사51003875,1.5365853658536586
다사51003900,1.5365853658536586
다사51003975,56.53658536585366
다사51004000,56.53658536585366
다사51004025,56.53658536585366
다사51004050,56.53658536585366
다사51004075,55.0
다사51004100,55.0
다사51004375,17.2
다사51004400,17.2
다사51004425,17.2
다사51004450,17.2
다사51004650,3368.2
다사51004825,1930.125
다사51004950,639.0
다사51005275,2.5
다사51005300,505.0
다사51005350,2.5
다사51005600,6.882352941176471
다사51005625,301.3573529411765
다사51005650,294.475
다사51006125,23.58333333333333
다사51006150,23.58333333333333
다사51253775,30.75
다사51253900,1.5365853658536586
다사51253925,1.5365853658536586
다사51253950,1.5365853658536586
다사51253975,1.5365853658536586
다사51254050,1664.0
다사51254075,1664.0
다사51254375,17.2
다사51254650,3368.2
다사51254800,1930.125
다사51254825,1930.125
다사51254950,639.0
다사51255250,2.5
다사51255275,119.0
다사51255300,119.0
다사51255325,2.5
다사51255350,2.5
다사51255625,6.882352941176471
다사51255650,301.3573529411765
다사51255750,58.77777777777778
다사51255775,58.77777777777778
다사51255800,58.77777777777778
다사51256150,23.58333333333333
다사51256175,23.58333333333333
다사51256225,23.58333333333333
다사51503775,30.75
다사51503875,148.66666666666666
다사51503900,148.66666666666666
다사51503925,148.66666666666666
다사51504125,572.0
다사51504150,782.3333333333334
다사51504175,210.33333333333331
다사51504200,210.33333333333331
다사51504525,50.0
다사51504550,50.0
다사51504575,50.0
다사51504725,44.125
다사51504750,44.125
다사51504775,44.125
다사51504800,1930.125
다사51505225,2.5
다사51505250,2.5
다사51505275,2.5
다사51505300,119.0
다사51505525,6.882352941176471
다사51505550,6.882352941176471
다사51505575,6.882352941176471
다사51505600,6.882352941176471
다사51505625,6.882352941176471
다사51505650,301.3573529411765
다사51505675,289.75
다사51505700,58.77777777777778
다사51505725,58.77777777777778
다사51505750,58.77777777777778
다사51505775,58.77777777777778
다사51505800,58.77777777777778
다사51505825,58.77777777777778
다사51506175,23.58333333333333
다사51753775,30.75
다사51754150,572.0
다사51754400,43.0
다사51754425,340.0
다사51754450,112.16666666666669
다사51754475,112.16666666666669
다사51754500,112.16666666666669
다사51754525,50.0
다사51754550,50.0
다사51754600,4.787234042553192
다사51754625,4.787234042553192
다사51754650,766.0
다사51754675,766.0
다사51754700,4085.125
다사51754725,44.125
다사51755200,88.33333333333333
다사51755225,90.83333333333331
다사51755250,2.5
다사51755275,2.5
다사51755650,289.75
다사51755675,289.75
다사51756150,1319.5
다사52003775,30.75
다사52003800,30.75
다사52004150,572.0
다사52004400,43.0
다사52004425,113.23809523809524
다사52004450,112.16666666666669
다사52004600,4.787234042553192
다사52004625,1016.7872340425532
다사52004650,1782.787234042553
다사52004675,1945.537234042553
다사52004700,4085.125
다사52005200,88.33333333333333
다사52005350,2981.333333333333
다사52005375,678.0
다사52005400,1424.4285714285716
다사52005650,289.75
다사52005850,188.58333333333331
다사52005875,188.58333333333331
다사52006150,1319.5
다사52253800,30.75
다사52254250,8.333333333333334
다사52254275,8.333333333333334
다사52254300,196.33333333333331
다사52254325,196.33333333333331
다사52254350,196.33333333333331
다사52254375,73.19047619047619
다사52254400,378.3047619047619
다사52254425,400.6380952380952
다사52254450,1.0714285714285714
다사52254575,4.787234042553192
다사52254600,4.787234042553192
다사52254650,1012.0
다사52254675,5994.112234042554
다사52254700,2915.1622340425533
다사52254900,78.2
다사52254925,207.2
다사52254950,207.2
다사52254975,16.4
다사52255325,2981.333333333333
다사52255350,3026.833333333333
다사52255375,45.5
다사52255400,746.4285714285714
다사52255425,746.4285714285714
다사52255750,2.583333333333333
다사52255775,2.583333333333333
다사52255825,2.583333333333333
다사52255850,2.583333333333333
다사52255875,188.58333333333331
다사52503800,30.75
다사52503825,0.7586206896551724
다사52503850,0.7586206896551724
다사52504225,8.333333333333334
다사52504250,8.333333333333334
다사52504350,34.69047619047619
다사52504375,231.59047619047615
다사52504400,205.23333333333332
다사52504450,1.0714285714285714
다사52504475,1.0714285714285714
다사52504500,1.0714285714285714
다사52504550,4.787234042553192
다사52504575,4.787234042553192
다사52504675,896.9872340425533
다사52504925,78.2
다사52504950,94.6
다사52504975,16.4
다사52505275,678.0
다사52505300,923.5
다사52505325,923.5
다사52505350,245.5
다사52505375,45.5
다사52505400,45.5
다사52505425,1610.9285714285716
다사52505450,1610.9285714285716
다사52505725,408.3333333333333
다사52505775,2.583333333333333
다사52505800,2.583333333333333
다사52505825,2.583333333333333
다사52505875,186.0
다사52753900,374.3586206896552
다사52753925,374.3586206896552
다사52753950,991.0252873563218
다사52753975,617.4252873563217
다사52754000,617.4252873563217
다사52754075,19.5
다사52754300,25.285714285714285
다사52754325,26.357142857142858
다사52754350,26.357142857142858
다사52754375,675.4
다사52754500,1.0714285714285714
다사52754525,1.0714285714285714
다사52754550,4.787234042553192
다사52754650,896.9872340425533
다사52754675,896.9872340425533
다사52754950,16.4
다사52755075,1111.0
다사52755275,200.0
다사52755300,245.5
다사52755450,1610.9285714285716
다사52755475,791.9285714285714
다사52755725,408.3333333333333
다사52755775,2.583333333333333
다사52755800,2.583333333333333
다사52755875,186.0
다사52755900,186.0
다사53003875,686.3586206896551
다사53003900,374.3586206896552
다사53004000,416.0086206896552
다사53004025,416.0086206896552
다사53004075,19.5
다사53004100,20.25862068965517
다사53004125,95.75862068965516
다사53004150,95.75862068965516
다사53004175,95.75862068965516
다사53004300,25.285714285714285
다사53004375,517.0
다사53004525,4.787234042553192
다사53004550,4.787234042553192
다사53004625,4.787234042553192
다사53004650,2324.532688588008
다사53004750,160.0
다사53004775,160.0
다사53004950,16.4
다사53005450,389.2
다사53005475,389.2
다사53005725,408.3333333333333
다사53005900,186.0
다사53254025,416.0086206896552
다사53254050,755.0086206896551
다사53254075,339.7586206896552
다사53254100,0.7586206896551724
다사53254125,0.7586206896551724
다사53254150,76.25862068965517
다사53254175,0.7586206896551724
다사53254200,0.7586206896551724
다사53254500,138.33333333333334
다사53254525,143.12056737588654
다사53254625,5623.082688588008
다사53254650,1427.5454545454545
다사53254950,426.0
다사53255400,389.2
다사53255425,389.2
다사53255450,389.2
다사53255925,186.0
다사53504050,339.7586206896552
다사53504075,339.7586206896552
다사53504175,0.7586206896551724
다사53504200,0.7586206896551724
다사53504500,138.33333333333334
다사53504525,4.787234042553192
다사53504625,5623.082688588008
다사53504825,922.0
다사53504950,426.0
다사53505100,106.75
다사53505300,546.7
다사53505325,546.7
다사53505350,546.7
다사53505375,3729.7
다사53505500,1455.0
다사53505525,1455.0
다사53505750,317.75
다사53505900,80.77777777777777
다사53505925,122.77777777777776
다사53754200,0.7586206896551724
다사53754500,230.0
다사53754525,234.7872340425532
다사53754625,5623.082688588008
다사53754725,67.0
다사53754825,922.0
다사53754950,426.0
다사53755075,106.75
다사53755100,106.75
다사53755225,3924.0
다사53755300,546.7
다사53755375,3729.7
다사53755750,317.75
다사53755875,42.0
다사53755900,42.0
다사53755925,122.77777777777776
다사53755950,80.77777777777777
다사54004200,0.7586206896551724
다사54004450,387.0
다사54004475,617.0
다사54004500,234.7872340425532
다사54004525,4.787234042553192
다사54004625,5623.082688588008
다사54004725,67.0
다사54004825,922.0
다사54005025,3.515151515151515
다사54005050,3.515151515151515
다사54005075,106.75
다사54005225,3924.0
다사54005300,546.7
다사54005325,546.7
다사54005350,3729.7
다사54005375,3729.7
다사54005425,216.66666666666663
다사54005575,203.7142857142857
다사54005725,317.75
다사54005750,317.75
다사54005800,42.0
다사54005825,42.0
다사54005850,42.0
다사54005875,42.0
다사54005950,80.77777777777777
다사54006150,92.1818181818182
다사54006175,92.1818181818182
다사54006200,321.8961038961039
다사54254250,217.5
다사54254275,217.5
다사54254450,230.0
다사54254475,230.0
다사54254525,4.787234042553192
다사54254625,1432.3326885880076
다사54254725,67.0
다사54254975,3.515151515151515
다사54255000,3.515151515151515
다사54255025,1032.5151515151515
다사54255050,3.515151515151515
다사54255075,3.515151515151515
다사54255200,3924.0
다사54255225,3924.0
다사54255425,216.66666666666663
다사54255450,218.4
다사54255500,218.4
다사54255575,219.5476190476191
다사54255600,718.547619047619
다사54255625,219.5476190476191
다사54255925,107.77777777777776
다사54255950,188.55555555555557
다사54255975,80.77777777777777
다사54256025,92.1818181818182
다사54256050,92.1818181818182
다사54256100,92.1818181818182
다사54256125,92.1818181818182
다사54256200,229.7142857142857
다사54504200,46.85714285714285
다사54504425,230.0
다사54504450,230.0
다사54504525,946.7872340425532
다사54504625,1432.3326885880076
다사54504875,173.0
다사54504900,173.0
다사54504925,173.0
다사54504950,173.0
다사54504975,1205.5151515151515
다사54505000,1029.0
다사54505025,1029.0
다사54505075,3.515151515151515
다사54505200,18824.333333333336
다사54505425,216.66666666666663
다사54505450,218.4
다사54505475,708.9
다사54505500,708.9
다사54505600,718.547619047619
다사54505625,782.547619047619
다사54505650,283.54761904761904
다사54505725,602.3333333333334
다사54505875,107.77777777777776
다사54505900,107.77777777777776
다사54505925,107.77777777777776
다사54505975,80.77777777777777
다사54506000,80.77777777777777
다사54506025,92.1818181818182
다사54506050,92.1818181818182
다사54506075,92.1818181818182
다사54506100,92.1818181818182
다사54506225,229.7142857142857
다사54754125,136.16666666666666
다사54754200,46.85714285714285
다사54754225,46.85714285714285
다사54754450,230.0
다사54754525,946.7872340425532
다사54754550,942.0
다사54754625,1432.3326885880076
다사54754650,1432.3326885880076
다사54754750,44.66666666666666
다사54754775,44.66666666666666
다사54754800,44.66666666666666
다사54754825,44.66666666666666
다사54754950,3.515151515151515
다사54754975,3.515151515151515
다사54755000,1029.0
다사54755025,1029.0
다사54755075,2537.5151515151515
다사54755200,18824.333333333336
다사54755475,490.5
다사54755600,79.83333333333333
다사54755625,79.83333333333333
다사54755725,602.3333333333334
다사54755850,107.77777777777776
다사54755875,107.77777777777776
다사54756225,229.7142857142857
다사54756250,229.7142857142857
다사54756275,127.83333333333331
다사55004100,136.16666666666666
다사55004125,136.16666666666666
다사55004150,75.2
다사55004225,46.85714285714285
다사55004450,2798.333333333333
다사55004525,4.787234042553192
다사55004550,946.7872340425532
다사55004650,1432.3326885880076
다사55004775,44.66666666666666
다사55004800,44.66666666666666
다사55004925,3.515151515151515
다사55004950,3.515151515151515
다사55004975,875.0
다사55005000,6103.5
다사55005025,6103.5
다사55005050,2537.5151515151515
다사55005075,2537.5151515151515
다사55005200,25348.333333333336
다사55005475,490.5
다사55005600,79.83333333333333
다사55005725,602.3333333333334
다사55005825,107.77777777777776
다사55005850,107.77777777777776
다사55006200,359.1587301587302
다사55006225,229.7142857142857
다사55006275,127.83333333333331
다사55254100,136.16666666666666
다사55254150,75.2
다사55254225,46.85714285714285
다사55254250,46.85714285714285
다사55254450,2568.333333333333
다사55254475,2568.333333333333
다사55254550,4.787234042553192
다사55254575,4.787234042553192
다사55254600,7406.0
다사55254625,7410.787234042553
다사55254650,10457.644376899696
다사55254675,3051.644376899696
다사55254925,3.515151515151515
다사55254950,875.0
다사55254975,875.0
다사55255025,2537.5151515151515
다사55255050,2537.5151515151515
다사55255200,6524.0
다사55255225,6524.0
다사55255475,490.5
다사55255600,79.83333333333333
다사55255750,360.4
다사55256175,129.44444444444446
다사55256200,129.44444444444446
다사55256275,127.83333333333331
다사55256300,127.83333333333331
다사55256325,127.83333333333331
다사55256350,127.83333333333331
다사55504100,136.16666666666666
다사55504150,75.2
다사55504250,46.85714285714285
다사55504575,4.787234042553192
다사55504600,7410.787234042553
다사55504625,4.787234042553192
다사55504675,3046.8571428571427
다사55504900,3.515151515151515
다사55504925,3.515151515151515
다사55504950,875.0
다사55504975,875.0
다사55505000,875.0
다사55505025,7090.715151515151
다사55505050,7090.715151515151
다사55505075,7090.715151515151
다사55505225,6524.0
다사55505475,490.5
다사55505575,79.83333333333333
다사55505600,79.83333333333333
다사55505750,583.775
다사55505775,583.775
다사55506175,129.44444444444446
다사55754100,136.16666666666666
다사55754150,75.2
다사55754175,75.2
다사55754325,150.0
다사55754350,150.0
다사55754375,427.0
다사55754675,3046.8571428571427
다사55754700,3046.8571428571427
다사55754925,3.515151515151515
다사55754950,3.515151515151515
다사55754975,878.5151515151515
다사55755000,878.5151515151515
다사55755025,3.515151515151515
다사55755050,4556.715151515152
다사55755075,7260.215151515151
다사55755225,6524.0
다사55755575,139.08333333333334
다사55755750,583.775
다사55756025,196.6
다사55756175,129.44444444444446
다사55756200,129.44444444444446
다사56004375,427.0
다사56004700,3046.8571428571427
다사56004725,10243.52380952381
다사56004750,7196.666666666667
다사56004950,3.515151515151515
다사56004975,3.515151515151515
다사56005075,169.5
다사56005100,169.5
다사56005225,6524.0
다사56005425,334.27272727272725
다사56005525,139.08333333333334
다사56005550,139.08333333333334
다사56005575,139.08333333333334
다사56005750,583.775
다사56005775,223.375
다사56006025,298.01176470588234
다사56006050,196.6
다사56006075,196.6
다사56006100,635.6
다사56006200,129.44444444444446
다사56254175,267.0
다사56254200,267.0
다사56254425,117.2
다사56254450,117.2
다사56254475,117.2
다사56254500,117.2
다사56254625,219.0
다사56254650,219.0
다사56254750,7196.666666666667
다사56255100,169.5
다사56255350,334.27272727272725
다사56255375,334.27272727272725
다사56255400,334.27272727272725
다사56255425,700.0405844155844
다사56255450,7.142857142857143
다사56255475,7.142857142857143
다사56255500,15.833333333333334
다사56255525,60.57619047619048
다사56255550,37.6
다사56255775,223.375
다사56255800,223.375
다사56255925,196.6117647058824
다사56255950,196.6117647058824
다사56255975,196.6117647058824
다사56256000,196.6117647058824
다사56256025,101.41176470588236
다사56256075,196.6
다사56256100,635.6
다사56256125,635.6
다사56256200,129.44444444444446
다사56256225,129.44444444444446
다사56504175,267.0
다사56504200,267.0
다사56504450,117.2
다사56504650,219.0
다사56504675,4630.2
다사56505250,334.27272727272725
다사56505275,334.27272727272725
다사56505300,334.27272727272725
다사56505325,334.27272727272725
다사56505350,334.27272727272725
다사56505375,334.27272727272725
다사56505425,358.625
다사56505450,358.625
다사56505475,7.142857142857143
다사56505500,7.142857142857143
다사56505525,7.142857142857143
다사56505550,37.6
다사56505575,37.6
다사56505800,324.7867647058823
다사56505825,513.6117647058824
다사56505850,513.6117647058824
다사56505875,1198.278431372549
다사56505900,786.078431372549
다사56505925,786.078431372549
다사56506000,196.6117647058824
다사56506125,635.6
다사56506475,48.7
다사56506500,121.36666666666667
다사56506525,121.36666666666667
다사56506550,75.36666666666667
다사56506575,145.11666666666667
다사56506600,118.45
다사56754200,17.0
다사56754675,4630.2
다사56754700,5840.866666666667
다사56755450,358.625
다사56755475,358.625
다사56755575,37.6
다사56755800,101.41176470588236
다사56755825,513.6117647058824
다사56755850,513.6117647058824
다사56755900,101.41176470588236
다사56756125,635.6
다사56756300,48.7
다사56756325,48.7
다사56756350,48.7
다사56756425,48.7
다사56756450,48.7
다사56756475,75.36666666666667
다사56756500,75.36666666666667
다사56756525,46.0
다사56756625,118.45
다사56756650,118.45
다사57004150,28.9
다사57004175,28.9
다사57004200,44.66666666666667
다사57004225,217.33333333333331
다사57004250,17.0
다사57004350,1902.5
다사57004550,40.375
다사57004575,40.375
다사57004600,40.375
다사57004625,40.375
다사57004700,5840.866666666667
다사57004725,5840.866666666667
다사57005100,14.5
다사57005225,16.85
다사57005450,358.625
다사57005475,358.625
다사57005600,14.4
다사57005625,14.4
다사57005650,14.4
다사57005675,14.4
다사57005725,180.0
다사57006100,113.8181818181818
다사57006125,113.8181818181818
다사57006350,48.7
다사57006375,48.7
다사57006400,48.7
다사57006425,48.7
다사57006650,48.7
다사57254175,56.56666666666666
다사57254200,256.9
다사57254225,228.0
다사57254250,27.666666666666668
다사57254350,1902.5
다사57254500,40.375
다사57254525,40.375
다사57254550,40.375
다사57254650,191.75
다사57254675,191.75
다사57254700,191.75
다사57254750,458.3333333333333
다사57254925,5.5
다사57254950,5.5
다사57254975,5.5
다사57255100,14.5
다사57255125,14.5
다사57255225,16.85
다사57255250,16.85
다사57255450,1953.9583333333333
다사57255550,5.2
다사57255650,14.4
다사57256100,113.8181818181818
다사57256250,334.8
다사57256600,389.26666666666665
다사57256625,42.266666666666666
다사57256650,42.266666666666666
다사57503975,487.125
다사57504200,28.9
다사57504250,27.666666666666668
다사57504500,40.375
다사57504700,191.75
다사57504750,458.3333333333333
다사57504775,1695.3333333333333
다사57504975,5.5
다사57505050,186.66666666666663
다사57505075,354.41666666666663
다사57505100,368.9166666666666
다사57505250,16.85
다사57505375,1898.0
다사57505400,2358.1
다사57505425,1595.3333333333333
다사57505450,1595.3333333333333
다사57505550,5.2
다사57505575,5.2
다사57506100,113.8181818181818
다사57506250,334.8
다사57506350,9.5
다사57506600,389.26666666666665
다사57753975,487.125
다사57754175,28.9
다사57754200,28.9
다사57754775,1237.0
다사57754800,1237.0
다사57754925,1118.04
다사57755050,186.66666666666663
다사57755075,354.41666666666663
다사57755100,354.41666666666663
다사57755150,15.5
다사57755250,16.85
다사57755325,460.1
다사57755350,6477.1
다사57755375,8307.1
다사57755400,460.1
다사57755500,52.66666666666666
다사57755525,52.66666666666666
다사57755550,5.2
다사57755575,5.2
다사57756100,113.8181818181818
다사57756225,334.8
다사57756250,334.8
다사57756350,9.5
다사57756575,42.266666666666666
다사57756600,389.26666666666665
다사58003975,487.125
다사58004000,487.125
다사58004025,487.125
다사58004175,28.9
다사58004200,57.0
다사58004225,57.0
다사58004250,57.0
다사58004500,300.0
다사58004525,300.0
다사58004925,1118.04
다사58004950,1118.04
다사58005150,15.5
다사58005225,16.85
다사58005250,16.85
다사58005325,460.1
다사58005425,12.8
다사58005450,152.8
다사58005475,165.8
다사58005500,65.66666666666666
다사58005525,254.5
다사58005550,119.5
다사58006050,113.8181818181818
다사58006075,113.8181818181818
다사58006100,113.8181818181818
다사58006250,912.4666666666668
다사58006275,577.6666666666666
다사58006300,577.6666666666666
다사58006350,445.5
다사58006375,445.5
다사58006550,42.266666666666666
다사58006575,42.266666666666666
다사58254025,487.125
다사58254050,489.0583333333333
다사58254075,489.0583333333333
다사58254100,1.9333333333333331
다사58254125,1.9333333333333331
다사58254150,85.9
다사58254175,85.9
다사58254200,57.0
다사58254525,300.0
다사58254825,10000.5
다사58254900,1118.04
다사58254925,1118.04
다사58254950,10877.54
다사58255225,16.85
다사58255250,460.1
다사58255275,460.1
다사58255300,460.1
다사58255325,460.1
다사58255400,12.8
다사58255425,12.8
다사58255450,13.0
다사58255475,13.0
다사58255925,4.75
다사58256050,113.8181818181818
다사58256325,436.0
다사58256350,436.0
다사58256375,9.5
다사58256525,42.266666666666666
다사58256550,42.266666666666666
다사58504125,1.9333333333333331
다사58504150,1.9333333333333331
다사58504450,26.5
다사58504475,26.5
다사58504825,10000.5
다사58504900,1118.04
다사58504925,1118.04
다사58504950,10877.54
다사58505225,16.85
다사58505450,13.0
다사58505475,13.0
다사58505875,4.75
다사58505900,4.75
다사58505925,4.75
다사58506025,113.8181818181818
다사58506050,113.8181818181818
다사58506375,9.5
다사58506425,431.75
다사58506450,431.75
다사58506475,431.75
다사58506500,431.75
다사58506525,42.266666666666666
다사58506550,42.266666666666666
다사58753775,82.44444444444444
다사58753800,82.44444444444444
다사58754150,1.9333333333333331
다사58754825,1422.0437710437711
다사58754900,11.04
다사58754925,553.5
다사58754950,553.5
다사58755225,16.85
다사58755250,242.6
다사58755275,225.75
다사58755300,225.75
다사58755325,225.75
다사58755350,225.75
다사58755375,225.75
다사58755400,225.75
다사58755450,13.0
다사58755475,13.0
다사58755825,14.333333333333334
다사58755850,14.333333333333334
다사58755975,274.77777777777777
다사58756000,274.77777777777777
다사58756025,274.77777777777777
다사58756525,42.266666666666666
다사58756550,191.01666666666665
다사58756575,354.25
다사59003800,82.44444444444444
다사59003825,82.44444444444444
다사59003850,82.44444444444444
다사59003875,82.44444444444444
다사59003900,82.44444444444444
다사59003925,140.25
다사59003950,140.25
다사59003975,140.25
다사59004150,129.68333333333334
다사59004175,1095.8083333333334
다사59004600,19.5
다사59004625,19.5
다사59004800,1422.0437710437711
다사59004825,1422.0437710437711
다사59004875,6706.373333333333
다사59004900,6722.659047619048
다사59004925,394.1428571428571
다사59004950,394.1428571428571
다사59004975,377.8571428571428
다사59005000,3083.2
다사59005025,3083.2
다사59005250,473.0947552447552
다사59005275,11.090909090909092
다사59005350,280.6666666666667
다사59005375,280.6666666666667
다사59005400,506.4166666666667
다사59005425,280.6666666666667
다사59005450,280.6666666666667
다사59005475,13.0
다사59005850,14.333333333333334
다사59005950,274.77777777777777
다사59005975,274.77777777777777
다사59006525,191.01666666666665
다사59006550,148.75
다사59006575,205.5
다사59006600,205.5
다사59253900,82.44444444444444
다사59253975,140.25
다사59254175,1095.8083333333334
다사59254200,1095.8083333333334
다사59254275,6.6
다사59254300,6.6
다사59254800,1422.0437710437711
다사59254875,6706.373333333333
다사59254900,16.285714285714285
다사59254925,394.1428571428571
다사59254950,394.1428571428571
다사59254975,377.8571428571428
다사59255025,3083.2
다사59255050,3083.2
다사59255250,473.0947552447552
다사59255450,280.6666666666667
다사59255650,88.0
다사59255900,274.77777777777777
다사59255925,274.77777777777777
다사59255950,274.77777777777777
다사59256100,254.5
다사59256600,205.5
다사59503900,82.44444444444444
다사59504200,1095.8083333333334
다사59504225,1258.975
다사59504250,1.9333333333333331
다사59504275,6.6
다사59504300,6.6
다사59504325,6.6
다사59504450,33.0
다사59504475,33.0
다사59504550,957.4545454545456
다사59504600,29.5
다사59504625,29.5
다사59504800,1422.0437710437711
다사59504850,11.04
다사59504875,11.04
다사59504925,16.285714285714285
다사59504950,377.8571428571428
다사59505050,3083.2
다사59505225,462.00384615384615
다사59505250,473.0947552447552
다사59505650,110.5
다사59505675,22.5
다사59505875,255.7
다사59505900,530.4777777777778
다사59506050,10.0
다사59506075,10.0
다사59506100,254.5
다사59506600,205.5
다사59506625,205.5
다사59753675,1881.5
다사59753700,1881.5
다사59754225,1258.975
다사59754250,1258.975
다사59754375,33.0
다사59754400,33.0
다사59754425,33.0
다사59754450,33.0
다사59754525,98.45454545454544
다사59754550,957.4545454545456
다사59754575,98.45454545454544
다사59754775,1422.0437710437711
다사59754800,1422.0437710437711
다사59754850,11.04
다사59755050,623.75
다사59755075,623.75
다사59755125,90.0
다사59755200,462.00384615384615
다사59755225,473.0947552447552
다사59755250,11.090909090909092
다사59755450,8.5
다사59755475,8.5
다사59755675,13.0
다사59755875,255.7
다사59756000,10.0
다사59756025,10.0
다사59756050,10.0
다사60004025,92.6
다사60004050,92.6
다사60004075,92.6
다사60004250,1131.225
다사60004275,165.1
다사60004525,98.45454545454544
다사60004575,611.4545454545455
다사60004775,1422.0437710437711
다사60004850,11.04
다사60005025,23.923076923076923
다사60005050,623.75
다사60005075,623.75
다사60005125,535.1538461538462
다사60005150,473.0947552447552
다사60005175,473.0947552447552
다사60005200,473.0947552447552
다사60005225,11.090909090909092
다사60005425,8.5
다사60005450,8.5
다사60005825,255.7
다사60005850,255.7
다사60005875,255.7
다사60006575,471.8
다사60006600,471.8
다사60254075,92.6
다사60254100,503.1
다사60254125,410.5
다사60254275,165.1
다사60254300,1.9333333333333331
다사60254525,98.45454545454544
다사60254550,611.4545454545455
다사60254575,611.4545454545455
다사60254775,1422.0437710437711
다사60254825,11.04
다사60254850,11.04
다사60255025,23.923076923076923
다사60255075,445.1538461538461
다사60255100,445.1538461538461
다사60255125,445.1538461538461
다사60255150,11.090909090909092
다사60255575,8.75
다사60255600,8.75
다사60255625,8.75
다사60255800,1011.95
다사60255825,1011.95
다사60256200,439.0
다사60256225,482.7
다사60256250,483.07142857142856
다사60256275,44.07142857142857
다사60256300,44.07142857142857
다사60256325,43.7
다사60256350,43.7
다사60256375,40.16666666666666
다사60256525,471.8
다사60256550,471.8
다사60256575,471.8
다사60503875,1.5714285714285714
다사60504125,410.5
다사60504150,410.5
다사60504275,1.9333333333333331
다사60504300,1.9333333333333331
다사60504525,98.45454545454544
다사60504550,98.45454545454544
다사60504600,896.5
다사60504625,59.75
다사60504650,59.75
다사60504750,2616.043771043771
다사60504775,1422.0437710437711
다사60504825,11.04
다사60504900,153.0
다사60505000,23.923076923076923
다사60505025,23.923076923076923
다사60505375,45.142857142857146
다사60505625,8.75
다사60505775,1011.95
다사60505800,1011.95
다사60505900,3.6666666666666665
다사60505925,3.6666666666666665
다사60505950,3.6666666666666665
다사60506075,3.533333333333333
다사60506100,852.104761904762
다사60506125,852.104761904762
다사60506150,1331.2714285714287
다사60506175,483.07142857142856
다사60506200,483.07142857142856
다사60506225,44.07142857142857
다사60506250,40.53809523809524
다사60506275,13.25
다사60506300,13.25
다사60753875,1.5714285714285714
다사60753900,1.5714285714285714
다사60753925,1.5714285714285714
다사60754150,168.75
다사60754300,1.9333333333333331
다사60754325,1.9333333333333331
다사60754600,1703.5
다사60754650,59.75
다사60754675,59.75
다사60754725,9.407407407407408
다사60754750,1203.4074074074074
다사60754775,1194.0
다사60754800,1194.0
다사60754825,11.04
다사60754900,153.0
다사60754925,153.0
다사60755000,23.923076923076923
다사60755375,45.142857142857146
다사60755400,697.1428571428571
다사60756000,0.3714285714285714
다사60756025,0.3714285714285714
다사60756050,1306.3714285714286
다사60756075,852.104761904762
다사60756100,852.104761904762
다사60756275,13.25
다사60756300,13.25
다사60756475,7.8125
다사61003925,1.5714285714285714
다사61003950,1.5714285714285714
다사61004125,168.75
다사61004150,168.75
다사61004325,1.9333333333333331
다사61004550,231.33333333333331
다사61004600,807.0
다사61004700,9.407407407407408
다사61004725,9.407407407407408
다사61004800,11.04
다사61004825,11.04
다사61005000,23.923076923076923
다사61005375,45.142857142857146
다사61005400,45.142857142857146
다사61005950,387.6363636363636
다사61005975,388.0077922077922
다사61006000,0.3714285714285714
다사61006025,0.3714285714285714
다사61006475,7.8125
다사61253950,9.971428571428572
다사61254100,533.6944444444445
다사61254125,360.75
다사61254300,130.0
다사61254325,1.9333333333333331
다사61254350,1.9333333333333331
다사61254550,231.33333333333331
다사61254575,231.33333333333331
다사61254675,9.407407407407408
다사61254700,9.407407407407408
다사61254800,11.04
다사61255000,23.923076923076923
다사61255325,11.333333333333332
다사61255350,11.333333333333332
다사61255375,45.142857142857146
다사61255400,45.142857142857146
다사61255925,387.6363636363636
다사61255950,387.6363636363636
다사61256000,0.3714285714285714
다사61256025,0.3714285714285714
다사61256050,0.3714285714285714
다사61256075,0.3714285714285714
다사61256475,7.8125
다사61503950,8.4
다사61504100,533.6944444444445
다사61504125,725.6944444444445
다사61504325,1.9333333333333331
다사61504350,419.3777777777778
다사61504625,12.521739130434783
다사61504650,21.92914653784219
다사61504675,9.407407407407408
다사61504775,802.4
다사61504800,11.04
다사61505000,23.923076923076923
다사61505025,23.923076923076923
다사61505325,2.6666666666666665
다사61505350,11.333333333333332
다사61505375,2.6666666666666665
다사61505400,2.6666666666666665
다사61505425,2.6666666666666665
다사61505775,17.6
다사61505800,17.6
다사61505875,387.6363636363636
다사61505900,508.2077922077922
다사61505925,387.6363636363636
다사61506075,0.3714285714285714
다사61506100,0.3714285714285714
다사61506475,7.8125
다사61506500,7.8125
다사61753950,8.4
다사61753975,8.4
다사61754125,725.6944444444445
다사61754150,192.0
다사61754350,419.3777777777778
다사61754375,417.44444444444446
다사61754475,12.521739130434783
다사61754500,14968.021739130434
다사61754525,283.0217391304348
다사61754550,611.5217391304348
다사61754575,12.521739130434783
다사61754600,12.521739130434783
다사61754625,12.521739130434783
다사61754650,21.92914653784219
다사61754675,21.92914653784219
다사61754775,802.4
다사61755025,23.923076923076923
다사61755050,23.923076923076923
다사61755075,23.923076923076923
다사61755425,2.6666666666666665
다사61755450,2.6666666666666665
다사61755475,12.32
다사61755500,182.9353846153846
다사61755525,182.9353846153846
다사61755550,182.9353846153846
다사61755750,17.6
다사61755775,17.6
다사61755800,17.6
다사61755850,387.6363636363636
다사61755875,387.6363636363636
다사61755900,13.571428571428571
다사61756100,0.3714285714285714
다사61756125,372.57142857142856
다사61756500,7.8125
다사62003975,8.4
다사62004125,342.44444444444446
다사62004150,342.44444444444446
다사62004175,192.0
다사62004375,417.44444444444446
다사62004400,417.44444444444446
다사62004450,429.96618357487927
다사62004475,12.521739130434783
다사62004625,2235.0
다사62004650,2235.0
다사62004675,1369.4746010832966
다사62004750,961.3230769230768
다사62004775,802.4
다사62005075,23.923076923076923
다사62005400,12.32
다사62005425,1059.495
다사62005450,1059.495
다사62005475,1466.4276923076925
다사62005500,465.30769230769226
다사62005525,294.6923076923077
다사62005550,477.6276923076923
다사62005575,182.9353846153846
다사62005600,182.9353846153846
다사62005625,182.9353846153846
다사62005650,182.9353846153846
다사62005675,465.30769230769226
다사62005700,465.30769230769226
다사62005725,465.30769230769226
다사62005825,387.6363636363636
다사62005850,387.6363636363636
다사62005900,13.571428571428571
다사62006125,372.57142857142856
다사62006150,372.57142857142856
다사62006175,372.57142857142856
다사62006200,0.3714285714285714
다사62006225,0.3714285714285714
다사62006500,7.8125
다사62006525,7.8125
다사62254150,342.44444444444446
다사62254175,192.0
다사62254400,417.44444444444446
다사62254425,417.44444444444446
다사62254450,429.96618357487927
다사62254650,1369.4746010832966
다사62254675,1369.4746010832966
다사62254750,961.3230769230768
다사62254875,97.14285714285714
다사62254900,97.14285714285714
다사62255175,12.32
다사62255350,12.32
다사62255375,12.32
다사62255400,1059.495
다사62255425,1047.175
다사62255550,294.6923076923077
다사62255575,331.3173076923077
다사62255600,540.3173076923076
다사62255625,540.3173076923076
다사62255650,331.3173076923077
다사62255675,331.3173076923077
다사62255700,36.625
다사62255725,36.625
다사62255750,36.625
다사62255875,13.571428571428571
다사62255900,13.571428571428571
다사62256150,0.3714285714285714
다사62256175,372.57142857142856
다사62256200,0.3714285714285714
다사62256225,0.3714285714285714
다사62256250,15.0
다사62256525,7.8125
다사62256550,7.8125
다사62504150,150.44444444444446
다사62504175,150.44444444444446
다사62504450,12.521739130434783
다사62504650,1369.4746010832966
다사62504750,961.3230769230768
다사62504875,97.14285714285714
다사62504900,97.14285714285714
다사62504925,97.14285714285714
다사62504975,821.6363636363636
다사62505000,1247.6363636363635
다사62505025,647.6363636363636
다사62505175,12.32
다사62505200,12.32
다사62505225,12.32
다사62505250,1608.9199999999998
다사62505275,1608.9199999999998
다사62505300,1608.9199999999998
다사62505325,1608.9199999999998
다사62505350,1667.2949999999998
다사62505375,58.375
다사62505400,58.375
다사62505850,13.571428571428571
다사62505875,39.90476190476191
다사62505900,26.33333333333333
다사62506250,15.0
다사62506550,7.8125
다사62506575,7.8125
다사62506600,7.8125
다사62506625,7.8125
다사62754175,1251.25
다사62754400,55.0
다사62754425,55.0
다사62754650,1369.4746010832966
다사62754750,961.3230769230768
다사62754900,97.14285714285714
다사62754925,97.14285714285714
다사62754975,835.3863636363636
다사62755000,13.75
다사62755025,647.6363636363636
다사62755350,58.375
다사62755875,1112.0
다사62755900,1138.3333333333333
다사62756250,15.0
다사62756625,7.8125
다사63003800,148.8
다사63003825,148.8
다사63004175,1251.25
다사63004400,55.0
다사63004650,1369.4746010832966
다사63004750,961.3230769230768
다사63004975,1031.3863636363635
다사63005000,661.3863636363636
다사63005025,647.6363636363636
다사63005650,1.875
다사63005675,1.875
다사63005700,1.875
다사63005775,179.0
다사63005900,265.5
다사63005925,265.5
다사63006250,15.0
다사63006600,121.57142857142856
다사63006625,129.38392857142856
다사63253825,148.8
다사63254175,401.75
다사63254400,78.33333333333333
다사63254650,1360.0671936758893
다사63254750,961.3230769230768
다사63254950,221.63636363636363
다사63254975,417.6363636363636
다사63255000,647.6363636363636
다사63255025,426.0
다사63255625,1.875
다사63255650,1.875
다사63255700,1.875
다사63255725,1.875
다사63255775,179.0
다사63255825,111.0
다사63255850,111.0
다사63255875,111.0
다사63256250,15.0
다사63256575,121.57142857142856
다사63256600,121.57142857142856
다사63503825,148.8
다사63503850,243.8
다사63503875,95.0
다사63503900,13.5
다사63504175,401.75
다사63504375,78.33333333333333
다사63504400,78.33333333333333
다사63504650,1360.0671936758893
다사63504750,961.3230769230768
다사63504775,158.92307692307693
다사63505625,1.875
다사63505650,24.33333333333333
다사63505675,1.875
다사63505700,76.375
다사63505725,74.5
다사63505775,179.0
다사63505800,111.0
다사63505825,111.0
다사63505875,111.0
다사63505900,111.0
다사63506550,121.57142857142856
다사63753900,13.5
다사63754650,1347.5454545454545
다사63754675,1347.5454545454545
다사63754775,158.92307692307693
다사63754800,158.92307692307693
다사63755025,33.166666666666664
다사63755625,26.20833333333333
다사63755650,26.20833333333333
다사63755675,1.875
다사63755700,46.875
다사63755725,45.0
다사63755750,179.0
다사63755775,185.46153846153845
다사63756175,297.1428571428572
다사63756550,121.57142857142856
다사64004675,1363.307359307359
다사64004800,158.92307692307693
다사64004825,158.92307692307693
다사64004925,18.857142857142858
다사64005025,33.166666666666664
다사64005050,219.0
다사64005075,219.0
다사64005150,34.5
다사64005175,34.5
다사64005200,34.5
다사64005225,34.5
다사64005650,1.875
다사64005675,1.875
다사64005725,45.0
다사64005750,185.46153846153845
다사64005775,6.461538461538462
다사64005800,6.461538461538462
다사64005825,6.461538461538462
다사64006075,297.1428571428572
다사64006100,297.1428571428572
다사64006125,297.1428571428572
다사64006150,297.1428571428572
다사64006175,297.1428571428572
다사64006200,297.1428571428572
다사64006425,121.57142857142856
다사64006450,121.57142857142856
다사64006475,121.57142857142856
다사64006500,121.57142857142856
다사64006550,121.57142857142856
다사64254050,27.5
다사64254200,734.0
다사64254225,734.0
다사64254250,346.1666666666667
다사64254525,888.8333333333334
다사64254550,888.8333333333334
다사64254675,15.761904761904765
다사64254700,15.761904761904765
다사64254825,158.92307692307693
다사64254850,158.92307692307693
다사64254925,18.857142857142858
다사64254950,18.857142857142858
다사64254975,18.857142857142858
다사64255025,33.166666666666664
다사64255050,33.166666666666664
다사64255075,219.0
다사64255150,34.5
다사64255225,34.5
다사64255325,20.142857142857142
다사64255350,20.142857142857142
다사64255750,6.461538461538462
다사64255775,6.461538461538462
다사64255825,6.461538461538462
다사64256500,121.57142857142856
다사64256525,121.57142857142856
다사64256550,121.57142857142856
다사64504050,27.5
다사64504250,346.1666666666667
다사64504275,346.1666666666667
다사64504300,346.1666666666667
다사64504525,888.8333333333334
다사64504550,888.8333333333334
다사64504700,15.761904761904765
다사64504850,158.92307692307693
다사64504875,158.92307692307693
다사64504950,18.857142857142858
다사64504975,18.857142857142858
다사64505000,243.3571428571429
다사64505025,257.6666666666667
다사64505050,33.166666666666664
다사64505325,20.142857142857142
다사64505750,6.461538461538462
다사64505775,6.461538461538462
다사64505800,6.461538461538462
다사64505825,6.461538461538462
다사64505850,34.666666666666664
다사64505875,34.666666666666664
다사64754275,346.1666666666667
다사64754300,346.1666666666667
다사64754400,62.28888888888889
다사64754425,11.88888888888889
다사64754450,202.66666666666663
다사64754475,202.66666666666663
다사64754500,202.66666666666663
다사64754525,888.8333333333334
다사64754550,888.8333333333334
다사64754575,888.8333333333334
다사64754700,15.761904761904765
다사64754725,2424.2619047619046
다사64754875,158.92307692307693
다사64754900,158.92307692307693
다사64754975,224.5
다사64755000,224.5
다사64755025,78.5
다사64755050,651.5833333333334
다사64755075,449.25
다사64755100,1651.25
다사64755125,1202.0
다사64755150,1202.0
다사64755175,1202.0
다사64755250,20.142857142857142
다사64755275,20.142857142857142
다사64755300,20.142857142857142
다사64755325,20.142857142857142
다사64755800,6.461538461538462
다사64755850,16.666666666666668
다사64755875,51.33333333333333
다사65004150,25.142857142857142
다사65004175,25.142857142857142
다사65004400,62.28888888888889
다사65004425,62.28888888888889
다사65004550,888.8333333333334
다사65004575,888.8333333333334
다사65004600,888.8333333333334
다사65004725,3884.861904761905
다사65004750,2424.2619047619046
다사65004775,2424.2619047619046
다사65004900,173.46153846153848
다사65004925,173.46153846153848
다사65005025,78.5
다사65005050,202.33333333333331
다사65005075,202.33333333333331
다사65005100,449.25
다사65005375,590.4
다사65005850,16.666666666666668
다사65254025,3275.6
다사65254050,25.142857142857142
다사65254075,25.142857142857142
다사65254100,25.142857142857142
다사65254125,25.142857142857142
다사65254150,25.142857142857142
다사65254325,877.7575757575758
다사65254400,11.88888888888889
다사65254425,62.28888888888889
다사65254450,11.88888888888889
다사65254575,888.8333333333334
다사65254600,888.8333333333334
다사65254725,1460.6
다사65254775,3854.484126984127
다사65254800,3854.484126984127
다사65254825,1445.984126984127
다사65254925,173.46153846153848
다사65254950,759.1282051282051
다사65254975,14.538461538461538
다사65255025,78.5
다사65255050,142.5
다사65255075,64.0
다사65255375,607.3375
다사65255400,607.3375
다사65255425,607.3375
다사65255450,607.3375
다사65255475,16.9375
다사65255550,13.857142857142858
다사65255575,13.857142857142858
다사65256000,43.5
다사65256025,43.5
다사65504025,214.6
다사65504275,876.6666666666666
다사65504300,877.7575757575758
다사65504325,877.7575757575758
다사65504350,1.0909090909090908
다사65504425,62.28888888888889
다사65504450,11.88888888888889
다사65504725,1460.6
다사65504825,1445.984126984127
다사65504850,1445.984126984127
다사65504950,759.1282051282051
다사65504975,173.46153846153848
다사65505000,173.46153846153848
다사65505025,173.46153846153848
다사65505050,14.538461538461538
다사65505075,64.0
다사65505400,16.9375
다사65505425,16.9375
다사65505450,16.9375
다사65505475,16.9375
다사65505500,16.9375
다사65505550,13.857142857142858
다사65505575,13.857142857142858
다사65754025,214.6
다사65754125,35.25
다사65754150,35.25
다사65754200,101.75
다사65754225,876.6666666666666
다사65754250,876.6666666666666
다사65754275,876.6666666666666
다사65754300,1.0909090909090908
다사65754350,1.0909090909090908
다사65754625,54.57692307692308
다사65754650,54.57692307692308
다사65754675,54.57692307692308
다사65754725,1460.6
다사65754850,1445.984126984127
다사65754875,1445.984126984127
다사65754900,1445.984126984127
다사65754925,585.6666666666666
다사65754950,585.6666666666666
다사65755050,14.538461538461538
다사65755075,14.538461538461538
다사65755100,14.538461538461538
다사65755450,16.9375
다사65755475,16.9375
다사65755500,16.9375
다사65755525,16.9375
다사65755550,13.857142857142858
다사65755575,13.857142857142858
다사66004025,214.6
다사66004050,214.6
다사66004125,35.25
다사66004150,137.0
다사66004175,101.75
다사66004200,2087.9595238095235
다사66004225,971.4666666666666
다사66004250,94.8
다사66004300,1.0909090909090908
다사66004350,1.0909090909090908
다사66004625,54.57692307692308
다사66004650,2079.0714285714284
다사66004675,127.64835164835164
다사66004700,127.64835164835164
다사66004725,2619.5102564102563
다사66004900,1445.984126984127
다사66004925,601.4285714285714
다사66005475,16.9375
다사66005525,980.9375
다사66005575,13.857142857142858
다사66254100,101.75
다사66254125,101.75
다사66254150,1032.892857142857
다사66254175,931.1428571428572
다사66254200,1109.5428571428572
다사66254225,94.8
다사66254250,94.8
다사66254300,1.0909090909090908
다사66254325,1.0909090909090908
다사66254350,1.0909090909090908
다사66254600,54.57692307692308
다사66254625,2133.648351648352
다사66254650,2079.0714285714284
다사66254700,945.3214285714286
다사66254725,2104.231684981685
다사66254925,601.4285714285714
다사66254950,16.43758043758044
다사66254975,0.6756756756756757
다사66504100,1032.892857142857
다사66504125,931.1428571428572
다사66504150,931.1428571428572
다사66504175,178.4
다사66504200,178.4
다사66504250,94.8
다사66504425,13.5
다사66504600,839.5769230769231
다사66504625,2079.0714285714284
다사66504650,2079.0714285714284
다사66504700,945.3214285714286
다사66504725,2104.231684981685
다사66504975,0.6756756756756757
다사66505000,0.6756756756756757
다사66505025,0.6756756756756757
다사66505050,0.6756756756756757
다사66754175,178.4
다사66754425,55.833333333333336
다사66754450,42.333333333333336
다사66754575,839.5769230769231
다사66754600,839.5769230769231
다사66754650,73.07142857142857
다사66754675,73.07142857142857
다사66754700,73.07142857142857
다사66754725,1158.9102564102564
다사66754925,101.0
다사66754950,101.0
다사66755050,0.6756756756756757
다사66755075,0.6756756756756757
다사66755100,0.6756756756756757
다사67004175,178.4
다사67004425,70.66666666666667
다사67004575,839.5769230769231
다사67004600,5247.24358974359
다사67004700,1158.9102564102564
다사67004725,1158.9102564102564
다사67004925,101.0
다사67004950,101.0
다사67005100,0.6756756756756757
다사67005125,0.6756756756756757
다사67005150,0.6756756756756757
다사67254175,178.4
다사67254200,178.4
다사67254425,28.33333333333333
다사67254450,28.33333333333333
다사67254600,5247.24358974359
다사67254625,5247.24358974359
다사67254650,54.57692307692308
다사67254700,54.57692307692308
다사67255150,0.6756756756756757
다사67255175,0.6756756756756757
다사67255200,122.75
다사67504200,178.4
다사67504225,178.4
다사67504450,19.0
다사67504475,9.0
다사67504500,9.0
다사67504650,54.57692307692308
다사67504675,54.57692307692308
다사67504700,54.57692307692308
다사67505150,122.75
다사67505175,952.259009009009
다사67505200,122.75
다사67754150,313.43939393939394
다사67754175,313.43939393939394
다사67754200,313.43939393939394
다사67754450,22.285714285714285
다사67754475,22.285714285714285
다사67754500,22.285714285714285
다사67754525,22.285714285714285
다사67755175,829.509009009009
다사67755200,829.509009009009
다사68004200,313.43939393939394
다사68004225,313.43939393939394
다사68004250,829.189393939394
다사68004450,22.285714285714285
다사68005200,829.509009009009
다사68254250,563.0227272727273
다사68254400,46.5
다사68254425,68.78571428571428
다사68254450,22.285714285714285
다사68255200,829.509009009009
다사68504250,563.0227272727273
다사68505175,744.0756756756756
다사68505200,829.509009009009
다사68754200,568.2727272727273
다사68754225,568.2727272727273
다사68754250,1084.0227272727273
다사68754725,2.0
다사68755175,744.0756756756756
다사68755200,0.6756756756756757
다사69004375,5.0
다사69004725,2.0
다사69004750,2.0
다사69004800,78.0
다사69004825,78.0
다사69005025,29.0
다사69005050,29.0
다사69005175,744.0756756756756
다사69005200,744.0756756756756
다사69254350,5.0
다사69254375,5.0
다사69254425,2.75
다사69254750,2.0
다사69254775,2.0
다사69254800,2.0
다사69254825,2.0
다사69255200,744.0756756756756
다사69255225,0.6756756756756757
다사69504325,27.666666666666668
다사69504350,27.666666666666668
다사69504425,2.75
다사69504450,2.75
다사69504475,2.75
다사69505200,0.6756756756756757
다사69505225,0.6756756756756757
다사69754325,27.666666666666668
다사69755200,46.00900900900901
다사69755225,46.00900900900901
다사70005200,46.00900900900901
다사70255175,46.00900900900901
다사70255200,46.00900900900901
다사70505175,46.00900900900901
다사70755150,46.00900900900901
다사70755175,46.00900900900901
다사71005000,45.333333333333336
다사71005025,45.333333333333336
다사71005050,45.333333333333336
다사71005075,45.333333333333336
다사71005100,45.333333333333336
다사71005125,45.333333333333336
다사71005150,45.333333333333336
다사71505225,156.0
