역사명,호선,환승역수,공원수,공원면적합산(㎡),도시자연공원수,한강공원수,daily_avg,위도,경도,러닝_segment수,보정_이용자수합계,보정_누적기록합계,거리보정_이용자수합계,거리보정_누적기록합계,평균_segment_매핑역수,평균_코스거리,평균_경사,평균_역_segment거리_m,최소_역_segment거리_m,cluster,cluster_label
신반포,9호선,1,2,697874.1,0,1,8909,37.503415,126.995925,4.0,5903.291666666666,270424.7083333333,6333.729301573434,345262.07808032795,4.0,3.2285,-0.4,525.925,284.14,1,한강공원인접형
구반포,9호선,1,2,68250.3,0,1,3406,37.501364,126.987332,5.0,6290.291666666666,271688.7083333333,4281.159187447707,185292.4819634968,3.6,2.6568,2.18,473.0280000000001,235.49,1,한강공원인접형
국회의사당,9호선,1,1,229539.0,0,1,33095,37.528105,126.917874,4.0,8957.305555555555,71835.61111111111,7242.909890482493,74686.76998429511,4.75,3.6525,-0.15,576.71,361.48,1,한강공원인접형
선유도,9호선,1,3,1795044.9,0,1,16183,37.53802,126.893525,5.0,10372.916666666666,52215.66666666667,9024.652187108975,46469.90009486587,3.8,3.3560000000000003,-0.16,422.238,297.52,1,한강공원인접형
신목동,9호선,1,5,1928722.3,0,1,8223,37.544277,126.88308,7.0,16727.416666666668,89980.66666666667,23222.549988718984,121208.3747026087,3.2857142857142856,3.542142857142857,1.1857142857142855,363.12142857142857,19.79,1,한강공원인접형
암사,8호선,1,1,26900.1,0,1,30201,37.55021,127.127562,3.0,324.8333333333333,21284.33333333333,300.8647043940681,21950.39118407664,2.333333333333333,7.146666666666666,0.0,616.8566666666667,509.65,1,한강공원인접형
뚝섬유원지,7호선,1,0,0.0,0,1,49494,37.53154,127.066704,4.0,14246.333333333334,37916.41666666666,13761.528386910692,37361.02132354745,2.25,5.66,-0.2249999999999999,412.125,149.36,1,한강공원인접형
여의나루,5호선,1,1,229539.0,0,1,28341,37.527098,126.932901,5.0,11027.305555555557,76222.11111111111,16391.581279325976,92361.2289252414,4.2,3.122,-0.12,344.418,47.98,1,한강공원인접형
압구정로데오,분당선,1,1,29816.3,0,1,38255,37.527381,127.040534,2.0,15602.5,68018.75,15628.147442861427,68106.29461795613,2.5,6.005,0.05,463.235,456.22,1,한강공원인접형
한남,경원선,1,1,28313.9,0,2,6806,37.52943,127.009169,4.0,47461.5,262638.0,45687.80344487418,252073.5501637076,1.5,0.6925,0.075,642.5174999999999,261.94,1,한강공원인접형
서빙고,경원선,1,2,177829.6,0,1,4483,37.519594,126.988537,4.0,48167.625,263287.375,52671.59014293964,285101.4561782226,3.25,3.41975,-0.375,457.07,373.32,1,한강공원인접형
잠원,3호선,1,2,12790.6,0,1,11351,37.512759,127.01122,3.0,12286.333333333334,61427.333333333336,11941.577901920313,59948.4094143048,3.0,0.96,0.1333333333333333,563.1533333333333,390.63,1,한강공원인접형
압구정,3호선,1,2,36617.9,0,1,61025,37.527072,127.028461,2.0,5086.0,72683.0,5086.0,72683.0,1.0,0.43,0.0,684.01,637.38,1,한강공원인접형
잠실새내,2호선,1,3,86064.2,0,1,46129,37.511687,127.086162,2.0,14871.0,68918.16666666667,14861.583148663174,68865.3603648994,3.5,3.4,-0.15,749.835,746.82,1,한강공원인접형
잠실나루,2호선,1,1,12792.8,0,1,27539,37.520733,127.10379,3.0,16995.666666666668,91663.33333333331,18187.104474431108,101982.0627399846,2.333333333333333,3.3466666666666662,-0.1999999999999999,419.2533333333333,372.2,1,한강공원인접형
당산,2호선,2,1,113920.6,0,2,74145,37.534946,126.902767,3.0,5943.555555555556,21372.11111111111,3656.1797687719272,12870.845550897784,5.0,4.04,-0.2333333333333333,671.51,587.13,1,한강공원인접형
이촌(국립중앙박물관),4호선,2,2,177829.6,0,1,28886,37.522295,126.974733,6.0,29411.291666666668,126169.04166666669,26949.81714582359,116127.9687310912,2.6666666666666665,2.4146666666666667,-0.0999999999999999,644.25,405.08,1,한강공원인접형
고속터미널,9호선,3,1,671580.2,0,1,168332,37.50598,127.004403,2.0,145.325,494.275,225.865810228474,653.2301248757292,6.5,5.3645000000000005,3.1,536.69,301.31,1,한강공원인접형
종합운동장,9호선(연장),2,2,686079.7,0,1,38856,37.511426,127.076275,4.0,4881.0,863596.4166666666,4768.398443083149,863320.1517256157,3.25,3.84075,2.05,762.185,729.37,1,한강공원인접형
합정,2호선,2,0,0.0,0,1,93393,37.549457,126.913808,3.0,36538.0,77972.0,35497.51805359344,76847.28856269387,2.0,0.9966666666666668,-0.0333333333333333,709.4333333333334,667.58,1,한강공원인접형
노량진,9호선,2,2,365460.5,0,1,70011,37.513534,126.941005,2.0,8656.388888888889,37008.77777777778,9521.55914183796,40900.52321102753,5.5,4.59,-0.35,444.75,424.32,1,한강공원인접형
천호(풍납토성),5호선,2,2,62102.2,0,1,75396,37.53864,127.123308,5.0,14953.833333333334,90842.33333333331,14778.062487000365,89411.6263303801,2.0,4.781999999999999,-0.04,661.508,595.64,1,한강공원인접형
옥수,3호선,2,0,0.0,1,1,17823,37.541684,127.017269,3.0,5061.5,25181.75,4674.371338329151,23260.26295444688,2.6666666666666665,4.073333333333333,2.5,391.95,65.45,1,한강공원인접형
동작(현충원),4호선,2,1,41956.4,0,1,7651,37.502852,126.980347,5.0,2852.7916666666665,11411.208333333334,4415.528109155642,22868.56952057963,3.4,2.5588,4.44,321.202,4.36,1,한강공원인접형
정릉,우이신설선,1,1,115432.3,1,0,8959,37.603133,127.013396,3.0,232.66666666666663,1570.0,250.35923687754217,1678.5555589247772,2.0,0.86,7.166666666666667,315.05333333333334,202.69,3,도시자연공원인접형
북한산보국문,우이신설선,1,0,0.0,1,0,11974,37.612072,127.008251,4.0,2821.5,13561.0,2683.34042933319,13601.77850613224,1.75,0.83834225,4.25,665.2249999999999,506.78,3,도시자연공원인접형
솔샘,우이신설선,1,0,0.0,1,0,11038,37.620238,127.013626,4.0,2588.6666666666665,13045.333333333334,3130.07294788389,13630.919200233098,2.25,1.6902499999999998,1.7999999999999998,501.9375,387.63,3,도시자연공원인접형
삼양,우이신설선,1,0,0.0,1,0,4836,37.626914,127.018106,3.0,2632.1666666666665,4841.333333333333,2302.228992790127,4245.110425888125,2.333333333333333,1.923333333333333,5.566666666666666,730.4133333333333,696.56,3,도시자연공원인접형
화계,우이신설선,1,0,0.0,1,0,7031,37.634133,127.017511,2.0,1601.6666666666663,2895.333333333333,1509.9221600301605,2754.57904797074,2.5,2.53,4.05,730.345,729.87,3,도시자연공원인접형
4.19민주묘지,우이신설선,1,2,423717.0,1,0,6984,37.649502,127.013684,3.0,2330.9,6681.7,3452.3543686327084,14214.182014941218,3.0,1.8050666666666668,3.6,217.85,82.82,3,도시자연공원인접형
솔밭공원,우이신설선,1,2,423717.0,0,0,5047,37.65603,127.013273,5.0,3750.4,9405.7,2843.723282225268,6630.373962389973,2.6,1.5934,5.64,601.736,470.28,2,도심공원형
관악산(서울대),신림선,1,0,0.0,1,0,6412,37.4691018,126.9450639,5.0,4151.25,425310.0,4032.620044900488,424876.0227909233,1.8,4.4866,3.4599999999999995,575.586,144.31,3,도시자연공원인접형
서원,신림선,1,1,129677.8,1,0,6666,37.4782341,126.9330365,4.0,816.25,5907.5,2504.1753218602257,18508.129728455973,3.0,0.64575,7.925000000000001,464.3075,15.12,3,도시자연공원인접형
당곡,신림선,1,2,794384.2,0,0,9452,37.4902998,126.9275133,3.0,2168.2,91789.6,1660.680599556328,61628.69426209581,5.0,1.088,-0.1999999999999999,524.1666666666666,463.09,2,도심공원형
보라매공원,신림선,1,1,406705.0,0,0,5065,37.4955691,126.9180827,4.0,3154.95,99026.1,2421.7278762811948,120241.48893452794,4.75,1.0655,-0.2,459.2375,149.93,2,도심공원형
청계산입구,신분당선,1,0,0.0,2,0,9520,37.447211,127.055664,1.0,11.0,96.0,11.0,96.0,1.0,1.33,0.2,134.13,134.13,3,도시자연공원인접형
양재시민의숲(매헌),신분당선,1,5,495882.4,1,0,22913,37.470023,127.03842,3.0,4382.75,23372.0,4716.665183075681,25272.069698728323,4.0,4.308333333333333,-0.3999999999999999,402.53,368.95,3,도시자연공원인접형
중앙보훈병원,9호선(연장),1,0,0.0,1,0,22486,37.529191,127.148739,2.0,170.0,2511.0,170.0,2511.0,1.0,0.9475,0.2,318.21500000000003,299.41,3,도시자연공원인접형
둔촌오륜,9호선(연장),1,2,1593122.5,0,0,8102,37.519683,127.137989,1.0,177.375,755.875,13.61996334686874,58.040816320306746,8.0,4.92,0.0,425.2,425.2,2,도심공원형
한성백제,9호선(연장),1,2,1520399.8,0,0,6056,37.516404,127.116503,5.0,6567.625,67405.79166666667,10523.979760963784,108826.16464481196,4.0,1.8428,1.6,330.554,4.13,2,도심공원형
송파나루,9호선(연장),1,6,1864682.4,0,0,12044,37.510372,127.112216,2.0,2310.575,34374.275,2009.4434818051736,31581.003333585668,6.5,3.786,0.0,614.62,463.43,2,도심공원형
석촌고분,9호선(연장),1,4,973273.3,0,0,14104,37.502558,127.097033,2.0,2437.2,42924.4,2098.527296617437,37491.43938311237,3.5,1.751,-0.05,471.835,428.43,2,도심공원형
봉은사,9호선(연장),1,2,947914.1,0,0,44614,37.514219,127.060245,6.0,1274.25,2837.333333333333,2134.488888147534,4386.520844798179,4.0,2.687,2.1333333333333333,447.66333333333336,52.38,2,도심공원형
삼성중앙,9호선(연장),1,3,627958.8,0,0,15063,37.513011,127.053282,7.0,2609.4166666666665,14219.75,2099.523330016311,10719.69605016531,3.2857142857142856,0.5731428571428572,2.671428571428572,453.6542857142857,229.31,2,도심공원형
사평,9호선,1,2,678585.4,0,0,7898,37.504206,127.015259,2.0,171.03333333333333,570.7333333333333,164.27559647972356,606.6487448233302,5.5,1.0875,3.2,515.66,264.67,2,도심공원형
노들,9호선,1,4,472730.9,0,0,9347,37.512887,126.953222,5.0,15643.958333333334,63474.875,14763.943147120195,59531.3152927284,3.0,2.6888,0.0399999999999998,385.576,135.54,2,도심공원형
염창,9호선,1,4,1916211.0,0,0,33524,37.546936,126.874916,5.0,12591.166666666666,68835.66666666667,8549.44500934395,48817.343324423135,3.2,2.8080000000000003,1.64,489.968,423.31,2,도심공원형
증미,9호선,1,2,135848.6,0,0,14616,37.557402,126.861939,5.0,24085.583333333336,98398.16666666666,24322.56889193067,99316.5673957519,2.4,3.4802,1.12,619.394,597.53,2,도심공원형
가양,9호선,1,4,87901.5,0,0,42222,37.561391,126.854456,4.0,16864.083333333332,45755.66666666666,16680.065593010237,44992.51536233281,2.5,4.14275,0.3,672.44,637.13,2,도심공원형
양천향교,9호선,1,5,704361.5,0,0,20223,37.568381,126.841333,5.0,2374.583333333333,25719.666666666664,2120.943391888148,22931.34797991992,2.6,3.4921999999999995,1.7,637.656,499.27,2,도심공원형
복정,8호선,1,2,722878.6,0,0,17375,37.471052,127.126732,3.0,4965.0,30889.0,5731.888564059727,33558.9227092824,1.6666666666666667,1.3166666666666669,-0.3333333333333333,493.2366666666667,360.86,2,도심공원형
장지,8호선,1,4,1385034.0,0,0,31896,37.478703,127.126191,4.0,8333.0,50719.0,7207.661843580347,45505.13278706827,2.0,1.24575,-0.325,570.4075,275.29,2,도심공원형
문정,8호선,1,4,698518.2,0,0,41985,37.485855,127.1225,2.0,240.0,6035.5,273.65790622877483,6954.875705917325,3.0,2.906,-0.05,366.88,351.15,2,도심공원형
몽촌토성(평화의문),8호선,1,3,1822180.8,0,0,14537,37.517409,127.112359,5.0,8343.991666666667,99209.35833333334,5808.94433582861,68507.46218610059,4.6,2.3952,0.4800000000000001,476.254,94.04,2,도심공원형
강동구청,8호선,1,4,1564231.8,0,0,20423,37.530341,127.120508,5.0,11237.958333333334,106380.125,10393.51788917794,100277.64893997218,3.6,2.0168,1.14,630.104,515.14,2,도심공원형
신풍,7호선,1,3,491529.4,0,0,22009,37.50008,126.90993,1.0,81.0,148.0,81.0,148.0,1.0,0.43,-0.1,413.09,413.09,2,도심공원형
신대방삼거리,7호선,1,2,735172.4,0,0,28270,37.499701,126.928276,1.0,179.33333333333334,30132.666666666668,128.46110131203736,21584.807874359765,3.0,0.33,-0.7,776.18,776.18,2,도심공원형
상도,7호선,1,2,716146.6,0,0,23304,37.502834,126.94791,3.0,462.8333333333333,1442.5,380.4462495951226,1236.2399160655257,2.333333333333333,0.91,-2.4,547.3333333333334,423.68,2,도심공원형
남성,7호선,1,3,471086.2,0,0,21242,37.484596,126.971251,3.0,126.83333333333334,202.0,159.10820295580504,235.9305185190796,2.6666666666666665,1.8866666666666667,4.166666666666667,579.62,281.96,2,도심공원형
반포,7호선,1,2,678271.8,0,0,12630,37.508178,127.011727,2.0,171.03333333333333,570.7333333333333,138.16964738158777,473.6136072655113,5.5,1.0875,3.2,578.135,428.54,2,도심공원형
청담,7호선,1,3,399038.6,0,0,35554,37.519365,127.05335,4.0,994.9166666666666,2085.5,500.69075408165446,1148.247917753145,3.75,2.713,3.3,606.3975,249.63,2,도심공원형
어린이대공원(세종대),7호선,1,2,543093.3,0,0,32126,37.548014,127.074658,5.0,3365.0,50787.33333333333,4302.633274977297,64087.2411126229,2.6,1.2204000000000002,0.14,368.806,252.86,2,도심공원형
중곡,7호선,1,2,133123.5,1,0,20364,37.565923,127.08432,2.0,251.0,777.7142857142857,240.6862476851817,764.8890677383915,4.0,5.576,8.45,741.31,726.85,3,도시자연공원인접형
용마산,7호선,1,3,278908.8,1,0,11002,37.573647,127.086727,1.0,44.0,54.71428571428572,31.83250294779853,39.58392412015208,7.0,9.87,0.0,799.84,799.84,3,도시자연공원인접형
사가정,7호선,1,1,83013.4,1,0,31045,37.580894,127.088478,1.0,141.0,375.0,141.0,375.0,1.0,1.48,15.9,666.38,666.38,3,도시자연공원인접형
중화,7호선,1,4,1151333.6,0,0,20545,37.602545,127.079264,6.0,1112.0761904761905,9107.257142857145,1074.8438772264328,9496.674696606678,5.666666666666667,3.8906666666666654,0.0999999999999999,569.335,454.99,2,도심공원형
먹골,7호선,1,5,1159333.6,0,0,19618,37.610637,127.077725,6.0,1112.0761904761905,9107.257142857145,1091.106184442394,9040.530326200202,5.666666666666667,3.8906666666666654,0.0999999999999999,536.6,411.67,2,도심공원형
하계,7호선,1,3,56069.0,0,0,33818,37.636352,127.06799,4.0,1152.611111111111,10942.055555555557,835.6341467764075,7799.819816048223,4.5,4.273325,0.2,612.5125,539.28,2,도심공원형
중계,7호선,1,10,235552.3,0,0,27052,37.644583,127.064303,5.0,2654.027777777778,32570.722222222223,2211.473504636333,27647.5339585034,4.6,3.72894,0.0,612.408,211.14,2,도심공원형
마들,7호선,1,4,68105.3,1,0,24952,37.66494,127.057675,5.0,1021.6111111111112,8313.722222222223,929.5587298382986,7807.285500538559,5.0,4.68812,-0.0399999999999999,505.794,240.3,3,도시자연공원인접형
수락산,7호선,1,1,13144.4,1,0,24314,37.67785,127.055315,2.0,205.3333333333333,428.83333333333337,198.27313840903585,409.6887798767839,3.5,4.285,7.65,569.06,514.39,3,도시자연공원인접형
화랑대(서울여대입구),6호선,1,3,1091240.5,0,0,20223,37.620064,127.084689,5.0,855.0,7967.2,1478.9306897155475,13642.560946916652,3.0,1.8213,0.86,467.494,16.85,2,도심공원형
상월곡(한국과학기술연구원),6호선,1,2,1009155.6,0,0,12216,37.606377,127.048491,4.0,141.0,10830.0,149.2252308865027,11271.487566897446,1.75,0.41845,2.75,475.5275,351.61,2,도심공원형
월곡(동덕여대),6호선,1,3,1165792.2,0,0,22637,37.601948,127.041518,2.0,110.5,10402.0,105.80701366961122,9978.880104794349,2.0,0.34665,0.05,706.79,680.16,2,도심공원형
고려대(종암),6호선,1,3,518081.5,0,0,16933,37.590508,127.036296,4.0,1087.3333333333337,10000.5,1184.343366345124,11916.557447206254,3.25,1.1655,2.375,412.7425,207.8,2,도심공원형
창신,6호선,1,4,289630.3,0,0,6384,37.579661,127.015241,5.0,6181.619047619048,81399.5,3906.286687786683,51893.93274007866,4.8,0.8886,-0.6,675.6600000000001,568.63,2,도심공원형
버티고개,6호선,1,1,96582.0,1,0,4430,37.548013,127.007055,2.0,4389.5,12757.75,4371.369547153443,12702.406075744144,5.0,4.827,2.7,551.28,420.03,3,도시자연공원인접형
한강진,6호선,1,1,28313.9,1,0,22423,37.539631,127.001725,2.0,4389.5,12757.75,4419.686702431144,12837.830022541477,5.0,4.827,2.7,494.3250000000001,312.7,3,도시자연공원인접형
마포구청,6호선,1,1,2284085.0,0,0,27010,37.563515,126.903343,6.0,3552.1666666666665,151066.0,3876.8181773547017,152222.77649287312,2.6666666666666665,3.137,0.45,447.03833333333336,2.56,2,도심공원형
월드컵경기장(성산),6호선,1,2,2360478.6,0,0,11987,37.569532,126.899298,7.0,20641.666666666664,110430.0,21051.526874005496,113789.66629621552,2.2857142857142856,3.584714285714285,-1.5285714285714285,427.73857142857145,30.31,2,도심공원형
새절(신사),6호선,1,1,111650.0,1,0,23600,37.591148,126.913629,2.0,1000.0,9720.5,2098.666268484945,20547.388960514178,3.5,3.115,-0.1,60.645,57.99,3,도시자연공원인접형
독바위,6호선,1,1,132132.5,2,0,5416,37.618456,126.933031,4.0,6840.0,13862.5,6870.370968328425,13900.375422711904,1.25,0.6880000000000001,2.275000000000001,523.875,386.69,3,도시자연공원인접형
거여,5호선,1,5,854717.1,0,0,19046,37.493105,127.14415,3.0,113.5,2006.0,108.12706631639344,2271.5214290391787,2.333333333333333,1.4166666666666667,1.2666666666666666,532.13,398.1,2,도심공원형
개롱,5호선,1,9,1138363.4,0,0,12953,37.498079,127.13482,6.0,184.66666666666663,2540.6666666666665,198.42425640059216,2354.365307541123,2.6666666666666665,0.7166666666666667,0.5666666666666668,430.6283333333333,217.99,2,도심공원형
방이,5호선,1,5,1784475.8,0,0,14716,37.508857,127.126133,4.0,9019.041666666666,29340.541666666664,3668.4974567290974,14301.584156123172,4.0,1.46875,-1.15,532.9875,398.26,2,도심공원형
상일동,5호선,1,4,902496.9,0,0,27164,37.556712,127.166417,1.0,340.0,3969.0,275.0183818993807,3210.4351698783585,2.0,6.043,-0.1,481.75,481.75,2,도심공원형
고덕,5호선,1,9,899865.2,0,0,19758,37.555004,127.154151,1.0,29.0,641.0,37.200939723757536,822.2690469975372,2.0,0.54,0.0,314.97,314.97,2,도심공원형
광나루(장신대),5호선,1,2,90924.0,0,0,21906,37.545303,127.10357,6.0,4667.333333333333,12441.666666666666,4509.601343032885,12604.652350157672,1.5,3.7875,4.2,453.355,257.62,2,도심공원형
아차산(어린이대공원후문),5호선,1,3,627018.5,0,0,28977,37.551691,127.089761,7.0,4273.0,51440.833333333336,3865.983905937602,45909.7099747258,2.0,1.6031428571428574,2.7857142857142856,450.90857142857146,61.73,2,도심공원형
장한평,5호선,1,3,631463.2,0,0,37148,37.56144,127.064623,1.0,77.75,360.0,59.3455616763332,274.78330808334346,4.0,5.05,0.0,743.81,743.81,2,도심공원형
답십리,5호선,1,4,81919.6,0,0,29050,37.566747,127.052704,4.0,913.6839826839828,4273.405627705627,416.46978381274135,1869.0992908181256,7.25,2.365,0.9000000000000001,485.0475,354.89,2,도심공원형
광화문(세종문화회관),5호선,1,7,632157.4,0,0,67146,37.571525,126.97717,2.0,4800.25,13798.125,4202.337765969802,10447.898188254532,6.0,1.936,-1.9,391.5,317.55,2,도심공원형
서대문,5호선,1,4,186639.2,1,0,36618,37.565773,126.966641,1.0,132.5,457.5,128.0480683626473,442.1282360446125,2.0,0.57,10.5,736.22,736.22,3,도시자연공원인접형
오목교(목동운동장앞),5호선,1,2,1690023.6,0,0,41878,37.524496,126.875181,7.0,2528.266666666667,17825.483333333334,2174.475484693726,14412.038073763966,3.857142857142857,3.0471428571428576,0.1714285714285714,510.8757142857143,269.43,2,도심공원형
발산,5호선,1,3,525415.1,0,0,45062,37.558598,126.837668,4.0,1506.5,21010.0,1048.8498438377335,14261.060014193492,2.5,1.3285,3.4,736.75,718.93,2,도심공원형
방화,5호선,1,3,329813.3,0,0,13297,37.577446,126.812741,4.0,604.3333333333334,8486.166666666666,628.1913770563235,8594.55771535219,1.75,0.741,4.8,452.6775,381.26,2,도심공원형
서울숲,분당선,1,2,486111.3,0,0,24981,37.543617,127.044707,4.0,21074.666666666668,134787.41666666666,21443.721521349555,141035.0776458592,2.75,3.421,0.125,484.395,256.19,2,도심공원형
구일,경인선,1,2,1918979.0,0,0,16369,37.496756,126.870793,5.0,16202.166666666668,66057.5,17975.479265151655,74722.89672333463,2.0,2.238,0.08,232.12000000000003,29.7,2,도심공원형
가좌,경의중앙선,1,2,164739.4,0,0,11251,37.568491,126.915487,4.0,1626.3333333333333,6713.333333333334,1335.1345264479776,4867.278847948065,2.25,2.093,2.525,445.22,111.54,2,도심공원형
서강대,경의중앙선,1,2,92618.1,0,0,4359,37.551881,126.935711,4.0,1891.75,5871.6,315.37123545830326,1732.433203802871,4.25,0.76,-0.05,586.0875,399.68,2,도심공원형
양원,중앙선,1,2,219981.3,1,0,5973,37.606596,127.107906,1.0,97.0,132.0,97.0,132.0,1.0,0.7911,6.1,664.88,664.88,3,도시자연공원인접형
중랑,중앙선,1,2,197763.3,0,0,10545,37.594917,127.076116,5.0,3847.142857142857,31085.857142857145,4264.087601330522,35132.15627815095,4.8,3.8664,0.16,564.4739999999999,514.23,2,도심공원형
대모산입구,분당선,1,9,486037.9,0,0,10840,37.491373,127.07272,2.0,758.65,5658.6,930.6446587445604,6963.482592322708,6.5,5.545,0.0,362.91,239.24,2,도심공원형
개포동,분당선,1,10,587333.1,0,0,8573,37.489116,127.06614,3.0,791.15,5802.1,1242.4857825839708,9067.197764482684,5.666666666666667,4.43,0.0,186.3633333333333,84.22,2,도심공원형
구룡,분당선,1,10,583628.2,0,0,6695,37.486839,127.058856,3.0,366.0833333333333,1628.5,348.5823078264567,1543.4583453392418,5.0,4.63,0.0,371.97,155.44,2,도심공원형
녹천,경원선,1,5,1132382.4,0,0,7729,37.644799,127.051269,5.0,1748.5277777777776,18500.222222222223,2174.6818016292927,22976.83027185145,4.6,3.80066,1.46,452.8,345.27,2,도심공원형
월계,경원선,1,1,1022430.1,0,0,12989,37.633212,127.058831,5.0,1163.611111111111,10968.055555555557,1520.3465005764033,14542.89945811051,3.8,3.54516,2.46,488.978,287.29,2,도심공원형
신이문,경원선,1,6,1020723.3,0,0,15319,37.601854,127.067325,5.0,1106.0761904761905,9084.057142857142,1257.8634538420206,9646.192865445184,5.8,3.9364,0.0399999999999999,480.188,381.96,2,도심공원형
회기,중앙선,1,2,442693.6,0,0,51281,37.58946,127.057583,3.0,992.0,80063.0,992.0,80063.0,1.0,1.5336666666666667,-0.1333333333333333,560.0133333333333,410.14,2,도심공원형
응봉,경원선,1,2,1013714.5,0,0,3436,37.549946,127.034538,7.0,31734.83333333333,176922.75,34867.16251467488,192289.90629109737,2.4285714285714284,2.317285714285714,-0.5142857142857142,517.8371428571429,144.18,2,도심공원형
혜화,4호선,1,5,926461.2,1,0,73187,37.582336,127.001844,2.0,1242.5357142857142,6609.5,568.473536789453,2082.464123376791,5.5,1.613,0.15,619.21,450.98,2,도심공원형
한성대입구(삼선교),4호선,1,4,524857.9,1,0,28164,37.588458,127.006221,4.0,1552.5357142857142,7802.5,2807.9714541336,15769.58874098428,3.5,2.104,3.1,274.425,38.78,3,도시자연공원인접형
수유(강북구청),4호선,1,2,1394510.5,0,0,66513,37.638052,127.025732,3.0,1496.4,21838.2,1384.2417746219664,20728.19613509405,3.0,1.3946666666666665,2.833333333333333,659.1566666666666,557.65,2,도심공원형
쌍문,4호선,1,2,427492.8,0,0,54359,37.648627,127.034709,4.0,1766.4,54107.2,1617.6683561697546,57566.49499774448,2.75,1.20865,1.275,696.0425,489.69,2,도심공원형
상계,4호선,1,2,28585.0,2,0,36697,37.660878,127.073572,3.0,1006.9444444444443,14360.388888888889,1071.3785163397552,15323.127865145916,4.0,4.911,3.333333333333333,337.6166666666666,177.99,3,도시자연공원인접형
불암산,4호선,1,0,0.0,2,0,17698,37.670272,127.079066,0.0,0.0,0.0,0.0,0.0,0.0,0.0,0.0,0.0,0.0,3,도시자연공원인접형
경찰병원,3호선,1,7,326073.1,0,0,14012,37.495918,127.12454,4.0,87.16666666666667,551.3333333333333,90.02442778966147,592.726887250416,3.0,1.505,1.725,410.74,166.38,2,도심공원형
대청,3호선,1,7,855001.9,0,0,19981,37.493514,127.079532,4.0,1116.9,18366.766666666663,775.8196102637438,16623.345661777996,3.5,1.92775,0.125,558.605,172.0,2,도심공원형
학여울,3호선,1,7,855671.0,0,0,4952,37.496663,127.070594,5.0,8231.65,40387.76666666667,7927.215475951913,38514.87000879668,4.6,3.3839999999999995,1.98,600.088,250.64,2,도심공원형
대치,3호선,1,9,497280.0,0,0,24111,37.494612,127.063642,3.0,791.15,5802.1,429.0045428811002,3143.156199313712,5.666666666666667,4.43,0.0,606.63,503.47,2,도심공원형
매봉,3호선,1,6,693377.7,0,0,23461,37.486947,127.046769,5.0,4725.583333333333,24850.5,4495.594090648537,23408.255743378155,3.4,3.119,1.4200000000000002,475.124,388.39,2,도심공원형
남부터미널(예술의전당),3호선,1,0,0.0,1,0,59783,37.485013,127.016189,4.0,2103.333333333333,161004.33333333334,1940.6618128744376,140667.22962485073,1.5,0.644,9.825,519.4525,409.81,3,도시자연공원인접형
금호,3호선,1,2,110130.5,1,0,15133,37.548034,127.015872,1.0,11.0,13.0,3.957820072014511,4.677423721471695,2.0,0.59,7.4,301.92,301.92,3,도시자연공원인접형
동대입구,3호선,1,0,0.0,1,0,23177,37.559052,127.005602,5.0,19180.6,173684.0,19829.59838957552,176602.19246113824,4.4,2.4692,3.78,527.892,31.74,3,도시자연공원인접형
안국,3호선,1,7,1341209.5,0,0,54901,37.576477,126.985443,2.0,14098.75,73463.5,13327.226208319618,69516.83192644347,2.5,1.721,-0.4,606.64,528.55,2,도심공원형
경복궁(정부서울청사),3호선,1,6,721735.3,1,0,53613,37.575762,126.97353,3.0,2139.75,8893.5,4551.409517071481,21144.91100456096,2.6666666666666665,1.8873333333333333,-2.1666666666666665,442.9933333333333,82.83,2,도심공원형
독립문,3호선,1,2,275424.7,2,0,15968,37.574571,126.957748,7.0,7323.833333333334,17327.166666666664,8063.41204819373,19116.86033464254,2.142857142857143,1.999428571428572,8.557142857142857,561.9342857142857,337.03,3,도시자연공원인접형
무악재,3호선,1,1,112606.1,2,0,8100,37.582299,126.950291,7.0,13038.333333333334,29790.666666666664,12293.735826322976,28020.468145791136,1.7142857142857142,1.8337142857142856,10.842857142857143,632.0828571428572,289.91,3,도시자연공원인접형
홍제,3호선,1,2,991324.9,2,0,34259,37.589066,126.943736,2.0,76.83333333333333,235.16666666666663,60.13255223538218,194.46909546052004,2.5,5.8063,-0.05,698.185,639.8,3,도시자연공원인접형
녹번,3호선,1,2,1004694.0,1,0,27881,37.600927,126.935756,4.0,2610.5,5687.5,2618.27676314068,5715.217181450116,1.25,2.457425,0.3999999999999999,494.335,343.1,3,도시자연공원인접형
양천구청,2호선,1,6,2239347.7,0,0,13274,37.512398,126.865819,5.0,2663.016666666667,76512.65,2334.9589353960355,73887.69394176848,2.8,2.0582000000000003,-0.32,615.654,514.55,2,도심공원형
도림천,2호선,1,1,1668613.0,0,0,2658,37.514287,126.882768,10.0,12314.6,241933.9833333333,12857.262452955609,247849.575754998,3.3,2.8274,-0.03,361.086,60.65,2,도심공원형
신답,2호선,1,3,38270.4,0,0,3331,37.57004,127.046481,3.0,877.6839826839827,4180.205627705627,2083.475468969727,9979.423673102316,8.0,3.023333333333333,-0.2666666666666666,60.61333333333334,2.63,2,도심공원형
용답,2호선,1,3,593521.3,0,0,5865,37.561904,127.050899,5.0,2161.183982683983,103920.40562770562,2631.0181812593346,62842.53323649884,6.2,1.99,0.7200000000000001,262.25,46.09,2,도심공원형
신대방,2호선,1,2,497213.1,0,0,47716,37.487462,126.913149,4.0,3154.95,99026.1,5127.006210802148,76858.28544589102,4.75,1.0655,-0.2,467.4875,6.9,2,도심공원형
봉천,2호선,1,1,129677.8,1,0,46020,37.482362,126.941892,2.0,779.25,5800.5,56.878504599219,414.723569614187,4.0,0.8664999999999999,4.05,766.61,734.82,3,도시자연공원인접형
낙성대,2호선,1,2,442301.5,1,0,53058,37.47693,126.963693,5.0,2751.333333333333,6988.333333333334,2759.315726740801,7015.231455586063,1.6,2.8032,4.38,634.358,400.6,3,도시자연공원인접형
서초,2호선,1,1,671580.2,0,0,41346,37.491897,127.007917,4.0,2389.5333333333333,162482.73333333334,1953.8582746342968,109599.13475391964,2.75,0.50175,7.65,618.555,484.31,2,도심공원형
삼성(무역센터),2호선,1,2,947914.1,0,0,104657,37.508844,127.06316,7.0,9314.083333333334,37569.083333333336,9598.507323773969,39227.74819660349,3.142857142857143,0.8788571428571428,4.585714285714286,501.2585714285714,85.76,2,도심공원형
성수,2호선,1,2,537837.8,0,0,102254,37.544581,127.055961,2.0,536.75,1285.0,535.1498282231885,1277.5908445060816,2.5,2.68,0.2,374.68,169.91,2,도심공원형
뚝섬,2호선,1,3,1018831.8,0,0,49494,37.547184,127.047367,4.0,6136.083333333334,43365.0,2376.473116845622,20308.50788704207,3.25,2.25525,0.025,591.0550000000001,515.11,2,도심공원형
한양대,2호선,1,2,1013714.5,0,0,23125,37.555273,127.043655,5.0,7326.630952380952,132813.39047619049,7885.883860021764,179113.83195649958,4.2,1.8262,0.9,460.99799999999993,205.54,2,도심공원형
을지로입구,2호선,1,3,92840.4,0,0,97602,37.566014,126.982618,2.0,12373.7,27631.825,11771.316253645267,26050.612469286607,6.5,0.86,2.2,360.17,283.65,2,도심공원형
종로5가,1호선,1,5,660318.8,0,0,45902,37.570926,127.001849,2.0,6117.285714285715,13850.285714285714,10789.451171912637,24979.755405200875,7.0,1.5665,-0.5,420.26,185.61,2,도심공원형
종각,1호선,1,6,543036.9,0,0,74192,37.570161,126.982923,3.0,13740.45,34623.325,16593.197570845692,37285.88719426618,5.666666666666667,1.454,1.4666666666666666,421.25,150.03,2,도심공원형
교대(법원.검찰청),2호선,2,2,678585.4,0,0,87316,37.493961,127.014667,2.0,1385.5333333333333,158881.73333333334,1943.361143435524,231986.31982010385,4.0,0.6285,3.1,524.7950000000001,330.99,2,도심공원형
노원,7호선,2,4,72380.2,0,0,82993,37.654836,127.060462,5.0,2028.8611111111115,17616.722222222223,2125.06372500556,18509.770633202665,5.6,4.740119999999999,-0.1399999999999999,534.634,506.96,2,도심공원형
동대문,1호선,2,4,272747.5,0,0,61485,37.571687,127.01093,3.0,6147.922077922079,13900.467532467532,4597.165095098689,9572.620399679849,8.333333333333334,2.644333333333333,-0.3333333333333333,405.6933333333333,124.02,2,도심공원형
마곡나루,9호선,2,2,525466.0,0,0,50941,37.566778,126.82731,4.0,4933.833333333333,125345.0,5526.453398070207,133443.14368364788,2.5,1.05825,0.05,278.34000000000003,209.33,2,도심공원형
시청,2호선,2,5,198985.0,0,0,100748,37.563588,126.975411,2.0,3540.25,7110.875,1677.3509237546336,3374.2119400492484,6.0,1.015,1.5,623.7850000000001,555.49,2,도심공원형
신촌,2호선,2,2,92618.1,0,0,77589,37.555131,126.936926,2.0,4580.0,80417.6,4578.021843894419,80402.829767745,3.0,2.05,0.45,693.605,595.2,2,도심공원형
영등포구청,5호선,2,3,1705048.9,0,0,52689,37.5242,126.89503,2.0,144.0,8648.333333333332,28.65938977152388,1725.4434161685192,3.0,0.92,0.1,711.45,638.86,2,도심공원형
잠실(송파구청),8호선,2,4,328075.2,0,0,199254,37.514692,127.104338,1.0,2133.2,33618.4,3591.3552793314666,56598.35848616022,5.0,2.652,0.0,257.88,257.88,2,도심공원형
서울역,1호선,6,2,46638.3,1,0,222197,37.556228,126.972135,3.0,676.75,88783.5,555.2289942768766,74497.70522652622,4.666666666666667,2.982333333333333,2.2666666666666666,537.5366666666667,398.93,3,도시자연공원인접형
신림,2호선,2,1,129677.8,1,0,111309,37.484201,126.929715,2.0,1668.9,13973.6,1417.724183324951,12894.960605479824,4.5,0.9475,-0.25,529.755,322.59,3,도시자연공원인접형
가산디지털단지,7호선,2,2,269072.4,0,0,110855,37.480338,126.882656,3.0,7238.333333333333,38441.66666666666,7170.994965083915,38179.44981169974,2.0,3.293333333333333,0.0999999999999999,660.0,612.46,2,도심공원형
양재(서초구청),3호선,2,1,254648.0,1,0,89684,37.484477,127.033902,2.0,358.5,594.5,354.33986344386506,590.339863443865,1.5,0.8125,3.2,699.49,650.94,3,도시자연공원인접형
여의도,9호선,2,2,245930.2,0,0,111413,37.52176,126.92403,3.0,3775.8888888888887,52499.77777777778,3777.4407416635386,58255.41909176237,5.666666666666667,3.943333333333333,0.2666666666666666,443.85666666666674,394.27,2,도심공원형
을지로3가,2호선,2,3,237363.9,1,0,71896,37.566306,126.991696,3.0,17965.7,40692.110714285714,27859.276969309016,63223.7353176256,6.666666666666667,0.9266666666666667,1.5666666666666664,231.15,225.24,3,도시자연공원인접형
성신여대입구(돈암),4호선,2,2,383454.3,0,0,51095,37.592612,127.016441,7.0,3411.25,43392.25,3515.191270857042,44635.43147326796,2.7142857142857144,0.7251428571428572,3.414285714285714,583.7814285714286,187.04,2,도심공원형
동대문역사문화공원,4호선,3,2,218729.0,1,0,75571,37.565133,127.007885,3.0,6286.785714285715,14159.035714285714,3723.9107266596793,8501.542005345267,6.0,1.2943333333333331,2.9,693.4766666666668,563.7,3,도시자연공원인접형
수서,3호선,3,2,630145.1,0,0,70732,37.487378,127.101907,4.0,7493.0,27380.5,7812.350006827499,28996.90627877653,2.0,1.89575,6.125,560.2525,78.71,2,도심공원형
불광,3호선,2,2,162037.5,1,0,42748,37.610553,126.92982,1.0,172.0,214.5,141.62903167157558,176.6245772880986,2.0,1.09,-19.9,646.14,646.14,3,도시자연공원인접형
종로3가,5호선,3,6,931389.8,0,0,103920,37.57254,126.990305,3.0,17965.7,40692.110714285714,13413.509599356774,30450.00324957839,6.666666666666667,0.9266666666666667,1.5666666666666664,489.8,465.02,2,도심공원형
을지로4가,2호선,2,3,234714.2,0,0,40366,37.566595,126.997817,3.0,17965.7,40692.110714285714,15800.46625788618,36103.38483790256,6.666666666666667,0.9266666666666667,1.5666666666666664,443.1033333333333,266.61,2,도심공원형
군자(능동),7호선,2,3,1118925.1,0,0,50603,37.556897,127.079338,3.0,1825.0,26831.333333333336,1190.6883933096574,17413.655051019156,3.0,1.4373333333333334,-0.1333333333333333,625.6566666666666,569.29,2,도심공원형
약수,3호선,2,1,96582.0,1,0,31532,37.554867,127.010541,2.0,181.1,347.75,39.12351749251455,80.80358867845106,4.5,0.725,8.8,604.23,589.37,3,도시자연공원인접형
석계,6호선,2,4,115542.6,0,0,39285,37.614872,127.065595,4.0,944.7428571428572,6376.842857142858,916.9440471120922,6308.655348163714,5.75,2.3955,0.075,501.2175,311.09,2,도심공원형
동묘앞,1호선,2,3,255797.5,0,0,39037,37.573197,127.01648,2.0,555.922077922078,840.1818181818181,309.7292489758749,469.7967603146965,9.0,3.4365,-0.65,463.945,311.09,2,도심공원형
대방,경부선,2,2,344858.6,0,0,26238,37.513342,126.926382,3.0,941.4722222222224,32168.944444444445,609.8920038130774,27595.358446921386,5.333333333333333,3.223333333333333,0.0,428.7466666666666,267.11,2,도심공원형
충정로(경기대입구),2호선,2,2,46638.3,1,0,28919,37.559704,126.964378,1.0,555.5,88449.5,644.6626052616296,102646.4178291422,2.0,0.264,0.0,360.38,360.38,3,도시자연공원인접형
석촌,8호선,2,4,358863.2,0,0,36630,37.505557,127.106832,3.0,2490.7,43574.9,2220.2772332509417,39521.53575312266,3.0,1.7473333333333334,0.0,549.9133333333333,410.62,2,도심공원형
올림픽공원(한국체대),9호선(연장),2,2,1593122.5,0,0,28376,37.516269,127.130288,5.0,12612.125,72532.29166666667,15994.608397509066,63146.30821091868,4.0,1.8018,0.3,353.838,32.8,2,도심공원형
태릉입구,7호선,2,5,1150619.2,0,0,28320,37.618294,127.075397,5.0,1302.7428571428572,10703.509523809524,957.609271827032,6338.335936076243,5.2,2.1284,0.12,534.28,239.81,2,도심공원형
신길,경부선,2,3,297242.5,0,0,25543,37.516862,126.917865,4.0,3927.3888888888887,53612.77777777778,2764.415549010674,37493.3929415487,4.75,3.4525,0.1999999999999999,422.5975,183.11,2,도심공원형
도곡,분당선,2,8,728675.1,0,0,25889,37.491224,127.055186,4.0,415.5833333333333,1754.75,313.35124011875087,1324.184967670037,4.75,3.7025,0.3,670.4675,372.6,2,도심공원형
보라매,7호선,2,3,798479.8,0,0,21467,37.499872,126.920428,2.0,1273.8,83597.0,645.9242666503311,42451.73840164748,5.0,1.206,-0.05,667.5699999999999,591.64,2,도심공원형
샛강,9호선,2,2,344858.6,0,0,18195,37.517274,126.928422,2.0,762.1388888888889,2036.2777777777776,1505.5170170612632,3924.662580513845,6.5,4.67,0.35,136.725,82.7,2,도심공원형
오금,3호선,2,6,358751.8,0,0,18802,37.502129,127.128319,6.0,151.66666666666666,857.1666666666666,133.16880764084326,744.6173705691571,2.6666666666666665,0.7066666666666667,0.55,491.125,355.02,2,도심공원형
봉화산(서울의료원),6호선,1,3,1091240.5,0,0,15870,37.617283,127.091401,6.0,990.0,9461.2,711.0845472608517,7923.260376811426,2.6666666666666665,1.5644166666666666,1.1333333333333333,341.49666666666667,102.65,2,도심공원형
양평,5호선,1,2,1679860.7,0,0,21774,37.525569,126.886129,6.0,4901.0,24654.08333333333,3887.083004707381,19473.95717886109,3.6666666666666665,2.688333333333334,0.2166666666666666,466.3866666666666,222.97,2,도심공원형
회현(남대문시장),4호선,1,3,90264.8,1,0,55293,37.558514,126.978246,3.0,6295.25,15014.0,6439.866079433621,15425.34378216772,4.333333333333333,3.2756666666666665,-1.2000000000000002,464.81,124.55,3,도시자연공원인접형
명동,4호선,1,0,0.0,1,0,75353,37.560989,126.986325,4.0,11156.75,76323.625,9260.55747999652,73535.8891837014,5.75,2.98075,0.4,655.3725,541.32,3,도시자연공원인접형
서울대입구(관악구청),2호선,1,1,405054.1,1,0,88598,37.481247,126.952739,1.0,315.5,1152.5,432.7370220297953,1580.7588522641493,2.0,0.68,9.2,361.13,361.13,3,도시자연공원인접형
충무로,4호선,2,0,0.0,1,0,60374,37.561207,126.99408,4.0,24591.5,186396.5357142857,21127.546597535045,175702.77495490774,5.0,2.989,0.4000000000000001,632.745,511.49,3,도시자연공원인접형
디지털미디어시티,6호선,3,1,76393.6,1,0,58555,37.576108,126.901391,4.0,719.3333333333334,4878.166666666667,891.924924206525,6392.834479299182,3.25,4.342499999999999,-2.425,441.28,98.85,3,도시자연공원인접형
