역명,passenger_sum_01,passenger_sum_02,passenger_sum_03,passenger_sum_04,passenger_sum_05,passenger_sum_06,passenger_sum_07,passenger_sum_08,passenger_sum_09,passenger_sum_10,passenger_sum_11,passenger_sum_12,annual_total,daily_avg
4.19민주묘지,155093,156380,245768,252930,261361,212940,182466,175429,243120,219263,236160,208072,2548982,6984 
가락시장,980530,972272,1070926,1080720,1116744,1000710,1044855,969742,1076670,987939,1086120,1181937,12569165,34436 
가산디지털단지,2999157,3246768,3433498,3622260,3743002,3253920,3621668,3142501,3510600,3052601,3343920,3492181,40462076,110855 
가양,1157292,1189832,1324506,1340910,1385607,1253490,1317283,1223849,1337640,1228623,1309290,1342548,15410870,42222 
가오리,225835,230020,262725,265290,274133,252630,263996,247597,266610,245892,258960,265763,3059451,8382 
가좌,297972,306460,353090,363300,375410,335280,341310,319207,360990,337094,355740,360654,4106507,11251 
강남,5346632,5640740,5877972,5910150,5993819,5511750,6304377,5777346,5955780,5320406,5814150,6290923,69744045,191080 
강남구청,1345121,1466164,1568507,1615800,1669660,1469190,1607133,1463045,1632900,1426310,1576710,1649851,18490391,50659 
강동,973555,1011864,1118635,1126620,1164174,1048920,1104995,1035958,1113900,1009453,1096560,1155556,12960190,35507 
강동구청,564820,586824,643405,653610,675397,602580,637763,580103,634710,577809,625080,672452,7454553,20423 
강변(동서울터미널),1491007,1492540,1636211,1619700,1673690,1550160,1609520,1588781,1621350,1586425,1653300,1692104,19214788,52643 
강일,302653,313320,355167,362190,374263,335790,343480,317037,350550,327298,348900,363971,4094619,11218 
개롱,349277,365540,414811,421920,435984,387780,406751,372992,407940,367257,391470,406255,4727977,12953 
개봉,1123347,1147356,1320724,1339470,1384119,1266780,1311083,1227445,1348740,1268644,1326150,1370355,15434213,42286 
개포동,229772,240016,272428,274740,283898,252360,265484,250201,271830,248310,263760,276272,3129071,8573 
개화,110794,113400,132122,136080,140616,125160,130076,121024,133950,123039,128730,125550,1520541,4166 
개화산,317874,314076,349339,353970,365769,336720,359569,336195,361620,337125,354000,370016,4156273,11387 
거여,513670,529648,602702,613890,634353,565410,590178,540516,604800,549971,588990,617582,6951710,19046 
건대입구,2786559,2801512,3321340,3213060,3320162,2998290,3078703,2982510,3237480,3057716,3298530,3519678,37615540,103056 
경복궁(정부서울청사),1329652,1333892,1902253,1807590,1867843,1692300,1492185,1382817,1606530,1659430,1859490,1634940,19568922,53613 
경찰병원,387128,406336,435705,442080,456816,409500,448291,409014,446040,393607,426960,452972,5114449,14012 
고덕,523559,551628,621054,644670,666159,586530,616776,565285,620310,563952,610200,641452,7211575,19758 
고려대(종암),408673,437080,563084,566940,585838,498090,487940,446648,569640,509454,565950,541229,6180566,16933 
고속터미널,4729143,4628820,5157718,5036130,5204001,5040570,5212216,5218075,5101110,5119526,5321160,5672845,61441314,168332 
공덕,2135838,2194080,2430989,2504520,2588004,2275890,2442335,2233767,2465070,2197063,2401440,2534281,28403277,77817 
공릉(서울과학기술대),635624,645764,786191,770370,796049,729210,708722,665012,759930,695516,759360,767932,8719680,23890 
공항시장,170996,173460,189844,189300,195610,174150,184171,172174,179190,165974,171420,179118,2145407,5878 
관악산(서울대),146010,147728,208878,211530,218581,209700,204569,205065,207840,193564,212400,174437,2340302,6412 
광나루(장신대),591759,595476,705405,717270,741179,658320,648954,611289,694800,641886,702540,686836,7995714,21906 
광운대,402783,406812,552203,541410,559457,477030,449283,426157,540840,488684,531690,511500,5887849,16131 
광화문(세종문화회관),1821622,1898988,2229365,2068290,2137233,1941750,2046465,1871563,2052180,1906810,2071830,2462237,24508333,67146 
광흥창(서강),475168,505624,561813,577740,596998,536070,573779,530317,582150,519405,558330,576910,6594304,18067 
교대(법원.검찰청),2343972,2484524,2732619,2837250,2931825,2534250,2765231,2468840,2784690,2415365,2696190,2875653,31870409,87316 
구로,926714,943488,1082706,1077810,1113737,1024290,1039120,961713,1049250,972780,1044120,1079172,12314900,33739 
구로디지털단지,2955943,3087644,3326424,3416400,3530280,3174270,3400204,3126908,3353160,3048664,3289890,3469117,39178904,107339 
구룡,167152,171584,220472,223770,231229,201810,205716,180110,217290,195765,211200,217558,2443656,6695 
구반포,79856,85792,99603,108060,111662,106890,111786,93434,115710,99355,113340,117583,1243071,3406 
구산,382354,392756,443579,449190,464163,423570,446648,414036,445920,410781,430680,449252,5152929,14118 
구의(광진구청),1303209,1333164,1475476,1501350,1551395,1506780,1630197,1521418,1629690,1506693,1635030,1752368,18346770,50265 
구일,468410,322112,472471,558690,577313,550290,530937,541043,504450,395684,508380,545073,5974853,16369 
구파발,1139250,1154664,1296048,1299630,1342951,1251480,1330582,1247843,1317240,1256771,1314870,1359412,15310741,41947 
국회의사당,848346,927584,986420,1171050,1210085,926310,1063517,937719,1067490,865923,1001130,1074274,12079848,33095 
군자(능동),1376648,1412908,1602266,1590840,1643868,1493490,1560850,1463665,1585800,1479289,1591380,1669133,18470137,50603 
굽은다리(강동구민회관앞),524024,541688,600377,590310,609987,567330,596223,562743,583320,544174,571890,625673,6917739,18953 
금천구청,560077,575484,663121,680370,703049,621480,615226,570059,644850,607879,645720,657603,7544918,20671 
금호,419802,422352,476811,483750,499875,451200,464194,432729,472440,441037,471480,488002,5523672,15133 
길동,480190,488796,544267,551820,570214,518430,544887,514724,538710,508121,532590,575267,6368016,17447 
길음,1088410,1121176,1353832,1368120,1413724,1229760,1231661,1139622,1326270,1221121,1309860,1324382,15127938,41446 
김포공항,1760614,1677956,1858326,1818840,1876058,1840230,2053843,1967694,1968420,1960936,2039940,2198861,23021718,63073 
까치산,1445871,1469776,1640551,1663470,1718919,1559970,1623873,1514009,1628100,1533570,1607130,1677007,19082246,52280 
낙성대(강감찬),1418126,1462804,1675395,1690620,1746974,1580640,1665754,1553038,1687020,1538065,1654050,1693654,19366140,53058 
남구로,785199,814436,891591,913590,944043,847950,910067,830986,904410,824290,871020,908734,10446316,28620 
남부터미널(예술의전당),1705403,1798104,1874322,1841190,1902563,1720440,1833433,1715571,1838250,1752368,1882380,1956658,21820682,59783 
남성,573500,586544,672390,679890,702553,632670,652333,614575,678840,619349,662130,678683,7753457,21242 
남영,486328,500612,599726,595350,615195,548910,549878,529015,601170,546964,596850,604221,6774219,18560 
남태령,67301,68264,94023,82740,85498,76350,80724,75516,79470,72664,79740,81623,943913,2586 
내방,748433,781900,857398,882360,911772,802350,860839,783401,876810,776767,847440,892955,10022425,27459 
노들,232872,236180,288021,309810,320137,281850,283123,276210,333000,293415,282090,274877,3411585,9347 
노량진,1981241,1867516,2154345,2172210,2244617,2002410,2046806,1962920,2265030,2119718,2289390,2447915,25554118,70011 
노원,2323202,2353904,2620492,2576910,2662807,2455830,2590484,2424851,2572680,2427486,2538870,2745081,30292597,82993 
녹번,757082,776244,890940,898290,928233,821550,858204,786191,876870,811332,870720,900829,10176485,27881 
녹사평(용산구청),271591,272356,337497,337110,348347,334260,317657,311116,341910,350982,354540,354082,3931448,10771 
녹천,207948,209160,243908,245820,254014,234630,238111,222363,246660,230175,243210,245055,2821054,7729 
논현,1224190,1294020,1378787,1414590,1440508,1308600,1444476,1324320,1438140,1275898,1388580,1488124,16420233,44987 
답십리,797072,827876,924358,933870,964999,858810,898783,830583,910560,829870,892290,934092,10603163,29050 
당곡,258571,266056,290315,293490,303273,284220,305133,286750,299910,272614,284220,305350,3449902,9452 
당산,1984062,2075024,2321900,2398920,2478884,2200500,2310151,2130661,2369730,2108713,2296830,2387713,27063088,74145 
대림(구로구청),1877825,1822884,2096003,2069970,2138969,1985640,2014814,1919799,2026740,1977769,2039580,2118540,24088533,65996 
대모산입구,288145,302736,345278,350580,362266,319440,338613,309783,347520,310093,333660,348502,3956616,10840 
대방,685689,713384,827855,844230,872371,781560,799273,735661,862590,763654,834780,855941,9576988,26238 
대청,530441,553532,623255,640800,662160,589200,628277,574895,641850,573965,626760,647838,7292973,19981 
대치,694121,709520,756183,733590,758043,694770,771373,739567,774660,713000,732720,722796,8800343,24111 
대흥(서강대앞),465775,478716,607600,618630,639251,560970,558341,516832,637140,556977,614070,606050,6860352,18795 
도곡,675056,717696,811456,853980,882446,763770,808294,726702,820110,726516,806250,857026,9449302,25889 
도림천,70184,73388,79143,92940,96038,74940,81561,75888,85650,74183,83040,83111,970066,2658 
도봉,302002,304220,347138,349320,360964,335370,345433,325159,353400,332196,342570,351385,4049157,11094 
도봉산,824755,829080,1024240,1034820,1069314,985890,933565,912423,1004250,975198,1029540,969866,11592941,31761 
독립문,405821,420000,526845,517230,534471,473400,458769,482670,499470,492032,512760,504866,5828334,15968 
독바위,149482,150640,170810,173190,178963,163830,175119,160890,170610,157604,161790,164052,1976980,5416 
독산,847261,884268,978887,1006170,1039709,912060,965340,876773,984030,883035,946110,975973,11299616,30958 
돌곶이,506106,526932,601865,628470,649419,624180,656177,631501,694140,637856,690510,712349,7559505,20711 
동대문,1617208,1666924,1993517,1947330,2012241,1866870,1894658,1746633,1890330,1887993,1935930,1982233,22441867,61485 
동대문역사문화공원(DDP),1956627,2011520,2366230,2327490,2405073,2268990,2374383,2264395,2387190,2286684,2399910,2534963,27583455,75571 
동대입구,532890,539224,761484,832680,860436,655770,583513,576476,802560,725338,851820,737552,8459743,23177 
동묘앞,1053535,1063832,1306867,1233540,1274658,1181580,1124990,1126726,1175790,1212782,1277160,1217091,14248551,39037 
동작(현충원),176018,168560,219108,271320,280364,296610,210056,204476,251160,248744,240810,225370,2792596,7651 
둔촌동,569532,643524,755904,761850,787245,713700,756958,714457,789330,729647,789420,836349,8847916,24241 
둔촌오륜,142693,190120,243660,258690,267313,254010,276706,252805,275610,244869,267690,283216,2957382,8102 
등촌,642878,665896,726981,742350,767095,695130,766971,706924,755220,687084,730800,764491,8651820,23704 
디지털미디어시티,1571421,1665328,1822676,1874370,1936849,1703340,1836006,1669226,1899300,1690213,1826850,1877143,21372722,58555 
뚝섬,1267621,1373316,1536453,1631820,1686214,1482150,1538964,1435796,1545630,1425318,1541730,1600220,18065232,49494 
마곡,595107,691936,751440,759300,784610,746070,843386,795615,895770,821872,875430,971199,9531735,26114 
마곡나루(서울식물원),1251315,1384068,1529695,1592010,1645077,1480680,1575203,1482575,1713030,1519403,1644390,1775835,18593281,50941 
마들,689254,702324,781820,795630,822151,741900,779185,724408,780930,725772,764100,800079,9107553,24952 
마장,303800,302820,353741,357240,369148,323760,331297,310992,359190,327329,344640,374046,4058003,11118 
마천,363878,375032,425010,425130,439301,395400,403930,373271,415470,379998,406830,419275,4822525,13212 
마포,760585,799064,872402,890100,919770,808260,879346,795212,905040,776643,856380,931891,10194693,27931 
마포구청,718487,748104,835915,858360,886972,797100,846021,782285,867510,804295,849900,863567,9858516,27010 
망우,396614,398160,463419,467400,482980,446250,448012,431179,466530,445718,458970,473277,5378509,14736 
망원,916825,921228,1052419,1044630,1079451,980250,994201,985583,1014390,996030,1030830,1094021,12109858,33178 
매봉,620372,662480,720502,779970,805969,683010,746480,668794,739080,654968,713850,767684,8563159,23461 
먹골,538656,552496,614730,617820,638414,582180,613769,574802,613770,574275,602160,637608,7160680,19618 
면목,744744,767844,909168,921720,952444,840810,847478,796204,907860,834024,872730,898535,10293561,28202 
명동,1905911,1875440,2410901,2318280,2395556,2199600,2218267,2273726,2353890,2383497,2501400,2667271,27503739,75353 
명일,437410,455448,512337,515760,532952,479160,490637,458366,500520,462489,491550,515778,5852407,16034 
목동,886352,921732,1037415,1053180,1088286,978960,1027681,950398,1039620,954800,1012050,1052326,12002800,32884 
몽촌토성(평화의문),393483,406196,446896,473760,489552,431640,441843,412145,448440,420484,466200,475478,5306117,14537 
무악재,224812,228060,259594,262260,271002,239220,247876,230857,251190,235569,249990,256029,2956459,8100 
문래,1215913,1297772,1392055,1409670,1456659,1318590,1423799,1294529,1407600,1253888,1375080,1441717,16287272,44623 
문정,1123595,1241464,1302248,1360290,1405633,1217340,1356684,1197685,1336680,1146907,1277490,1358389,15324405,41985 
미아(서울사이버대학),793786,817348,974640,992580,1025666,911790,916112,856685,966300,899930,949350,973896,11078083,30351 
미아사거리,1400332,1420048,1595167,1589700,1642690,1495320,1559300,1456225,1567380,1478142,1545030,1628678,18378012,50351 
반포,324229,339080,383563,389910,402907,368730,399435,375565,417750,380928,405840,422158,4610095,12630 
발산,1230049,1284472,1399495,1410030,1457031,1311900,1416328,1295242,1402470,1298559,1420320,1521821,16447717,45062 
방배,805163,851116,1108436,1133880,1171676,977370,922095,838426,1097160,956567,1058460,1060045,11980394,32823 
방이,399094,417984,459730,464580,480066,437190,459730,427552,461700,420856,465840,476873,5371195,14716 
방학,511748,518084,599292,600720,620744,575460,576197,545073,603630,580661,598080,612467,6942156,19020 
방화,360778,365260,412331,419730,433721,399690,422034,391623,417870,398288,407220,424917,4853462,13297 
버티고개,145204,118860,136090,146700,151590,127080,132556,124651,137190,126387,135120,135408,1616836,4430 
보라매,567114,592592,672018,686520,709404,672690,671770,613118,680820,614327,664140,690773,7835286,21467 
보라매공원,114607,123172,140957,154620,159774,224280,165075,147870,168060,151776,150390,147994,1848575,5065 
보라매병원,394785,431592,446338,471150,486855,495450,520304,461249,513510,437038,466590,501053,5625914,15413 
보문,488591,503972,602299,617910,638507,561270,573686,534812,603540,557535,602400,608840,6893362,18886 
복정,447764,468272,560418,582330,601741,519600,520490,486824,556860,500371,547140,550064,6341874,17375 
봉은사,1085310,1183784,1339665,1409850,1456845,1315260,1493053,1355258,1368450,1241643,1452720,1582116,16283954,44614 
봉천,1240868,1292116,1432882,1460910,1509607,1382700,1473213,1369146,1438200,1318399,1411140,1468191,16797372,46020 
봉화산(서울의료원),435147,445648,500464,509130,526101,470880,495287,456506,503790,457343,484710,507408,5792414,15870 
북한산보국문,311209,315952,392739,396810,410037,357450,346642,324446,384090,356779,388230,386291,4370675,11974 
북한산우이,151342,145096,195269,198270,204879,192630,188883,198307,190770,200074,212790,178219,2256529,6182 
불광,1161043,1185436,1368526,1353510,1398627,1281480,1334209,1255593,1336560,1259623,1313310,1355041,15602958,42748 
불암산,492621,489776,561193,558810,587264,527610,552606,519498,552540,521606,540510,555892,6459926,17698 
사가정,860157,869372,986079,990150,1023155,923970,947236,890444,974460,909292,961560,995565,11331440,31045 
사당,3647429,3757432,4275675,4259640,4401628,4024080,4121791,3887896,4195770,3855687,4226640,4527023,49180691,134742 
사평,204569,213248,241862,246270,254479,234840,260772,232903,253080,229648,245760,265205,2882636,7898 
삼각지,756586,780976,908300,902580,932666,874290,902906,883686,928320,864497,955260,1010228,10700295,29316 
삼성(무역센터),2739594,2934120,3160698,3333420,3444534,3061950,3466575,3082237,3204900,2796262,3264240,3711289,38199819,104657 
삼성중앙,394661,431872,459575,475530,491381,435870,495752,442432,489240,419988,462900,498790,5497991,15063 
삼양,127007,127848,150257,151440,156488,146400,152148,144801,155610,145204,151170,156829,1765202,4836 
삼양사거리,139314,140532,159991,160200,165540,154290,157883,150939,159900,150784,156840,160580,1856793,5087 
삼전,429350,446348,480686,486870,503099,461850,498046,466798,494700,451763,487020,509857,5716387,15661 
상계,1003625,1015728,1156548,1200000,1240000,1097760,1128555,1050342,1145580,1069035,1121850,1165414,13394437,36697 
상도,591418,604856,768769,772200,797940,696030,679520,636275,777750,683147,756840,741055,8505800,23304 
상봉,1246107,1259552,1409353,1415340,1462518,1327050,1365581,1309223,1392540,1330644,1421070,1490263,16429241,45012 
상수,576631,577360,712814,691380,714426,641400,651651,640367,711450,670778,698940,741303,8028500,21996 
상왕십리,745922,768824,866140,880620,909974,813420,863536,795646,861480,790376,846720,893854,10036512,27497 
상월곡(한국과학기술연구원),313038,321664,394537,403500,416950,363690,365521,334862,405480,365645,387840,385981,4458708,12216 
상일동,738730,766556,844409,866280,895156,803880,853089,779247,860640,783866,839100,884058,9915011,27164 
새절(신사),634043,645288,750727,773880,799676,701640,721277,667275,746190,692261,730140,751595,8613992,23600 
샛강,476470,515284,553784,592290,612033,536670,585280,518692,609120,501828,552480,587326,6641257,18195 
서강대,109988,109340,139376,141330,146041,132180,127224,120404,146820,134633,144360,139252,1590948,4359 
서대문,976376,1049692,1179643,1226310,1267187,1071750,1174466,1018939,1143660,993860,1102980,1160609,13365472,36618 
서빙고,112685,113932,139035,144540,149358,138060,131936,127782,144000,137485,150060,147374,1636247,4483 
서울대벤처타운,502293,506520,580475,592860,612622,564060,579824,547925,590520,553474,582870,601989,6815432,18672 
서울대입구(관악구청),2392673,2480324,2836221,2809740,2903398,2622150,2768734,2584098,2806890,2547084,2753040,2834020,32338372,88598 
서울숲,608251,650048,767374,930870,961899,747180,759748,702646,765450,712938,788310,723354,9118068,24981 
서울역,5892976,5991916,6844707,6840960,7068992,6539130,6805151,6732301,6934770,6758527,7268340,7424314,81102084,222197 
서울지방병무청,169012,182168,202368,201840,208568,196170,210490,196292,209850,189348,201780,208227,2376113,6510 
서원,181443,184492,204910,208890,215853,197610,214768,203267,211380,194618,202080,213776,2433087,6666 
서초,1094858,1183140,1289755,1312680,1356436,1222860,1291398,1190245,1327770,1150224,1308870,1362946,15091182,41346 
석계,1060355,1061956,1254539,1251480,1293196,1170930,1183797,1119968,1258110,1168452,1242600,1273604,14338987,39285 
석촌,993333,1031240,1134445,1211370,1251749,1062990,1118635,1061905,1103460,1046312,1140990,1213402,13369831,36630 
석촌고분,381548,398356,436728,451590,466643,410730,444943,414935,437970,402845,437730,463760,5147778,14104 
선릉,3396143,3694544,3912169,4053630,4188751,3702630,4208963,3761199,4100310,3506441,3898110,4152729,46575619,127604 
선유도,424638,458416,491350,521880,539276,478050,522071,470642,522450,462055,493020,522877,5906725,16183 
선정릉,872588,968156,1033478,1073760,1109552,968580,1076537,958675,1065210,919243,1027680,1065780,12139239,33258 
성수,2545689,2703652,3052260,3033510,3134627,2931300,3186273,3063048,3287400,3128427,3480780,3775645,37322611,102254 
성신여대입구(돈암),1342052,1367240,1679704,1650690,1705713,1499610,1497486,1428263,1642440,1515683,1631040,1689903,18649824,51095 
솔밭공원,136679,135128,157480,159420,164734,153720,160673,149637,160740,150226,156240,157573,1842250,5047 
솔샘,300266,309204,348688,353730,365521,330210,341961,315208,347430,321501,340770,354330,4028819,11038 
송정,337807,340116,381021,381390,394103,363480,375100,349091,369960,356655,370230,389360,4408313,12078 
송파,509888,523544,580909,585810,605337,550920,587326,542624,581550,534006,573180,621333,6796427,18620 
송파나루,323981,339192,366203,377550,390135,347130,387779,368032,373080,342209,369780,410905,4395976,12044 
수락산,661292,667884,763964,759270,784579,729660,761670,726578,761010,716720,751020,791027,8874674,24314 
수색,157790,168168,187457,194670,201159,182400,186000,169756,194760,179211,190140,190247,2201758,6032 
수서,1942894,1991528,2211509,2232480,2306896,2098620,2189468,2067452,2210190,2060043,2208690,2297472,25817242,70732 
수유(강북구청),1831945,1844136,2113890,2112450,2182865,1976520,2043737,1919117,2076330,1966826,2056890,2152702,24277408,66513 
숙대입구(갈월),738451,778456,982328,971010,1003377,878070,876742,823980,966930,867907,966450,966797,10820498,29645 
숭실대입구(살피재),620682,636104,951483,951960,983692,776970,710458,671956,930570,802621,880110,823329,9739935,26685 
시청,2706920,2834132,3207384,3157530,3262781,2848650,3029816,2872212,3221670,2964251,3282930,3384828,36773104,100748 
신금호,336722,348096,397389,400440,413788,372030,383222,353369,392850,360189,383940,401233,4543268,12447 
신길,682062,703528,806465,835830,863691,758940,790686,729523,811380,738234,792960,809751,9323050,25543 
신내,134478,139580,165168,171390,177103,159240,164982,151714,169020,155806,163620,166098,1918199,5255 
신논현,2350668,2411360,2561964,2513880,2571233,2373450,2626351,2486882,2527500,2328317,2527530,2756024,30035159,82288 
신답,87079,90636,101649,105180,108686,96900,102796,95263,107520,99913,108600,111724,1215946,3331 
신당,1291646,1293600,1454954,1445220,1493394,1377540,1460038,1343695,1440480,1332256,1428060,1561966,16922849,46364 
신대방,1315268,1328824,1490356,1527450,1578365,1473240,1479599,1387250,1486470,1392303,1458000,1499160,17416285,47716 
신대방삼거리,765638,785624,888646,901500,931550,839280,879346,826553,895950,823546,877290,903588,10318511,28270 
신도림,2911799,2997624,3367406,3361440,3473488,3168030,3146841,2942489,3159780,2897539,3160920,3263773,37851129,103702 
신림,3083818,3118724,3471473,3483150,3599255,3322710,3497420,3312970,3453450,3241329,3434070,3609516,40627885,111309 
신목동,220441,226212,251348,264240,273048,246120,257765,236685,266910,238452,257400,262787,3001408,8223 
신반포,219325,227164,269297,279330,288641,270360,280798,260059,299640,275466,288150,293446,3251676,8909 
신방화,370078,375508,420174,421380,435426,390750,419740,387190,418230,382106,403050,425041,4848673,13284 
신사,1948722,2011268,2144828,2145600,2192630,1992030,2149850,1969740,2136420,1896704,2073870,2279833,24941495,68333 
신설동,1054744,1080604,1261576,1247790,1289383,1176780,1212503,1145202,1240560,1149883,1239720,1263901,14362646,39350 
신용산,1168235,1200304,1281292,1243380,1284826,1278660,1378012,1326056,1350120,1252307,1348740,1493115,15605047,42754 
신이문,417260,416920,477865,481980,498046,460440,471665,443796,483690,462024,483150,494605,5591441,15319 
신정(은행정),641545,655760,721711,742350,767095,698490,740497,682093,745140,691331,732570,766816,8585398,23522 
신정네거리,542345,560868,630726,633330,654441,588630,619194,567796,620700,579328,610110,640336,7247804,19857 
신촌,2040172,2071160,2557872,2477580,2560166,2271180,2323543,2190057,2531580,2305160,2474580,2516952,28320002,77589 
신풍,590426,611632,686309,698250,721525,648570,680295,635841,700200,644521,692010,723850,8033429,22009 
쌍문,1505081,1524768,1724809,1737420,1795334,1618950,1684354,1567050,1697010,1583697,1663560,1739038,19841071,54359 
아차산(어린이대공원후문),775248,789180,927985,946140,977678,872550,842208,808449,896580,887716,937410,915368,10576512,28977 
아현,548328,552020,655960,656490,678373,609240,629083,580785,655980,616094,657180,678001,7517534,20596 
안국,1428728,1518720,1952504,1745490,1803673,1659690,1613333,1489023,1689420,1701311,1790340,1646720,20038952,54901 
안암(고대병원앞),561720,613032,908114,876690,905913,741600,678466,600005,920730,748898,867780,820973,9243921,25326 
암사,853058,868224,955358,962790,994883,896130,939145,875812,931830,873735,910590,961775,11023330,30201 
암사역사공원,285138,300860,347045,373140,385578,354600,370977,343170,384870,367474,377550,394754,4285156,11740 
압구정,1703202,1728244,1875810,1892610,1955697,1818060,1950768,1759405,1896480,1737085,1894680,2062151,22274192,61025 
압구정로데오,1034594,1084132,1195794,1181670,1221059,1116450,1199204,1145388,1213500,1109862,1182780,1278502,13962935,38255 
애오개,376371,345436,385113,394110,407247,358170,381424,350548,393090,357089,389430,409014,4547042,12458 
약수,866760,866628,990512,1004010,1037477,944850,970765,909168,996450,914159,984870,1023620,11509269,31532 
양원,147591,152040,189193,196680,203236,181890,185845,170469,194100,177320,190560,191301,2180225,5973 
양재,2399400,2570764,2805934,2900850,2944194,2607630,2823294,2540946,2853150,2494291,2818170,2975969,32734592,89684 
양재시민의숲,592689,640556,716999,809700,728655,674100,703731,639623,748110,655712,730890,722393,8363158,22913 
양천구청,359414,376376,421166,427770,442029,396660,407185,372155,416010,386105,412410,427583,4844863,13274 
양천향교,529852,556388,622573,639840,661168,586230,639809,596192,665550,586923,634380,662439,7381344,20223 
양평,570090,592480,662780,697230,720471,647520,690215,644521,695070,644614,677070,705405,7947466,21774 
어린이대공원(세종대),686681,733628,1127966,1193490,1233273,970650,813006,764367,1125060,989861,1078590,1009329,11725901,32126 
언주,586768,636552,667306,682470,705219,626790,709001,641297,692250,598300,670830,712628,7929411,21724 
여의나루,586551,641984,906719,1155450,1193965,824910,809162,815610,958500,867814,834390,749332,10344387,28341 
여의도,2958981,3222324,3470543,3565950,3684815,3153390,3655427,3246413,3578250,3044603,3407640,3677437,40665773,111413 
역삼,2617981,2858100,2959167,3089850,3192845,2729730,3186676,2815296,3110700,2624987,2926800,3126133,35238265,96543 
역촌,214954,222264,252371,252390,260803,240090,261361,245892,259440,239196,250350,261268,2960379,8111 
연신내,1896208,1907864,2186585,2179440,2252088,2057430,2144425,2034437,2165790,2093523,2186850,2283274,25387914,69556 
염창,915895,941332,1046033,1064130,1099601,988200,1046529,974268,1053090,972067,1043940,1091200,12236285,33524 
영등포,2361611,2301908,2591197,2520420,2604434,2465280,2602388,2548262,2561040,2514658,2614860,2856402,30542460,83678 
영등포구청,1425876,1498784,1635281,1670850,1726545,1544910,1665320,1518411,1675080,1488930,1641420,1740123,19231530,52689 
영등포시장,635717,671468,743287,747690,772613,696030,725896,677598,730470,672204,731010,771497,8575480,23494 
오금,507780,529508,593464,605910,626107,553740,593650,539400,596550,533758,580410,602609,6862886,18802 
오류동,574771,581280,681845,681660,704382,652080,657510,617303,674550,636523,665790,679272,7806966,21389 
오목교(목동운동장앞),1144055,1201984,1325281,1317420,1361334,1213620,1320507,1225306,1322340,1199204,1287120,1367317,15285488,41878 
옥수,487568,486556,558558,567450,586365,537540,543089,512802,568980,526969,558240,571237,6505354,17823 
온수(성공회대입구),764150,787948,977182,1007970,1041569,909030,892986,835605,979590,891405,937440,937750,10962625,30035 
올림픽공원(한국체대),670437,736008,904146,876060,905262,857160,891374,873146,850080,910811,959370,923242,10357096,28376 
왕십리(성동구청),1950985,1982820,2308074,2243760,2318552,2118120,2217864,2125763,2295330,2116277,2305020,2436693,26419258,72382 
외대앞,443145,456512,665229,652140,673878,568500,533820,521234,698850,630912,701820,689130,7235170,19822 
용답,151032,151648,196602,194820,201314,176400,171988,162936,188940,175274,186150,183520,2140624,5865 
용두(동대문구청),139097,137592,158379,156000,161200,145860,152551,142538,156840,160549,161670,150908,1823184,4995 
용마산(용마폭포공원),297631,301840,344193,348210,359817,329610,337931,316727,354600,331762,344100,349401,4015822,11002 
용산,2520672,2417548,2629172,2503650,2587105,2623980,2808786,2959105,2804730,2851907,2889270,3163302,32759227,89751 
우장산,767064,789460,899341,909000,939300,850350,891002,829188,909390,840906,883020,925722,10433743,28586 
월계,314898,318724,437844,450360,465372,399060,358515,333746,432330,398412,422820,408952,4741033,12989 
월곡(동덕여대),587605,606900,752370,753390,778503,666390,669538,616776,736410,664919,713100,716627,8262528,22637 
월드컵경기장(성산),240901,261492,336629,359220,371194,350220,358050,369055,451410,543957,426540,306683,4375351,11987 
을지로3가,1879530,1992452,2211385,2268810,2344437,2091240,2288048,2114820,2262660,2081061,2250600,2457153,26242196,71896 
을지로4가,1047800,1094576,1267063,1300770,1344129,1193130,1272116,1152766,1280490,1172947,1269300,1338673,14733760,40366 
을지로입구,2605643,2680636,2986478,3023280,3124056,2824200,3071232,2853364,3046830,2853333,3099300,3456531,35624883,97602 
응봉,85219,85652,115444,124890,129053,108090,101246,95604,107610,98270,102480,100409,1253967,3436 
응암,936014,948024,1079172,1113750,1150875,1021800,1055550,981863,1083270,1020055,1062810,1103724,12556907,34402 
이대,808325,858732,1183797,1174950,1214115,1003560,961806,899031,1156500,1036268,1171020,1105119,12573223,34447 
이수,871162,902636,1014754,1018950,1052915,957000,1016738,950305,1009800,923676,991950,1055860,11765746,32235 
이촌(국립중앙박물관),751905,785288,791399,813630,840751,833910,983320,1042933,914970,898938,899040,987288,10543372,28886 
이태원,678342,629608,791120,781920,807984,770580,748805,788671,796620,832350,817470,828723,9272193,25403 
일원,541105,570864,633795,657330,679241,608760,645296,587140,659430,585776,649620,685286,7503643,20558 
자양(뚝섬한강공원),439859,438452,590302,698490,721773,589350,541198,582831,737670,656518,539160,512957,7048560,19311 
잠실(송파구청),5350569,5531176,5962943,6510540,6727558,5656890,6217732,5868021,5804280,5843531,6144270,7110346,72727856,199254 
잠실나루,740249,771988,847137,897570,927489,811050,853151,776767,875100,798405,866520,886228,10051654,27539 
잠실새내,1237396,1275904,1452164,1476630,1525851,1369680,1456163,1362109,1439040,1318337,1409010,1514660,16836944,46129 
잠원,255471,265412,306962,319290,329933,296880,352160,362452,413460,383408,419970,437658,4143056,11351 
장승배기,479601,495880,549258,555750,574275,520650,568137,532239,580890,527868,562800,589186,6536534,17908 
장지,882012,912828,1003563,1011420,1045134,936180,1004803,922901,980160,916360,985770,1040949,11642080,31896 
장한평,1010228,1056048,1166375,1177830,1217091,1095330,1164670,1073003,1164810,1070616,1146750,1216316,13559067,37148 
정릉,240715,244048,290129,287880,297476,269910,265236,252681,285270,266476,284400,285975,3270196,8959 
제기동,990326,920276,1071391,1057440,1092688,980220,958551,931860,1036890,981181,1017300,1007035,12045158,33000 
종각,2013388,2110472,2378537,2311410,2388457,2084400,2284080,2146595,2311530,2107907,2302410,2641045,27080231,74192 
종로3가,2757140,2851324,3364833,3407250,3520825,3121350,3057995,2909505,3176790,3169316,3236400,3357951,37930679,103920 
종로5가,1227972,1274728,1477336,1437450,1485365,1348530,1381236,1355413,1452270,1379283,1438830,1495657,16754070,45902 
종합운동장,690432,715568,1174931,1479060,1528362,1397550,1440663,1402254,1284360,1031215,1049880,988063,14182338,38856 
중계,715635,741496,854205,875640,904828,812070,834086,764615,866190,788392,847470,869271,9873898,27052 
중곡,548328,565936,633671,645540,667058,600660,634911,587233,644280,595975,640890,668267,7432749,20364 
중랑,287246,285040,328414,333090,344193,316140,325066,312325,331590,316479,329640,339574,3848797,10545 
중앙보훈병원,592131,629916,679675,701430,724811,667770,737862,671491,732210,643560,696120,730515,8207491,22486 
중화,549134,564956,637608,648630,670251,602760,630013,593650,653970,614761,648990,684294,7499017,20545 
증미,396366,421820,448756,464700,480190,426030,475230,428079,470070,412517,445710,465403,5334871,14616 
증산(명지대앞),499968,503440,582614,592200,611940,542460,554993,515685,564540,529790,554340,572725,6624695,18150 
창동,1496990,1495144,1684788,1691040,1747408,1621980,1669722,1567236,1703610,1587665,1665810,1744835,19676228,53907 
창신,165261,165648,207297,216330,223541,189450,189627,172577,208680,187395,201270,203143,2330219,6384 
천왕,579266,594804,673940,692100,715170,648030,682403,623720,695850,642258,683130,709404,7940075,21754 
천호(풍납토성),2085525,2119096,2354977,2332800,2410560,2247750,2360836,2234170,2319090,2209587,2339220,2505947,27519558,75396 
청계산입구,244032,251524,313441,323010,328259,305430,274102,262477,288420,288734,311040,284301,3474770,9520 
청구,385454,399672,450182,455670,470859,416130,430931,392429,428340,394134,420720,436542,5081063,13921 
청담,947484,1020068,1115938,1149390,1187703,1044360,1120960,1013080,1135590,984622,1099800,1158377,12977372,35554 
청량리(서울시립대입구),2280267,2204916,2559329,2503080,2586516,2427690,2417287,2433097,2535720,2464841,2584830,2642378,29639951,81205 
총신대입구(이수),1086426,1094156,1244061,1251390,1293103,1175430,1212348,1141730,1227210,1152177,1223640,1276735,14378406,39393 
충무로,1510351,1598324,1936849,1998960,2065592,1761750,1814151,1691453,1963020,1775401,1969200,1951450,22036501,60374 
충정로(경기대입구),774442,819616,909447,932730,963821,838890,904735,810960,926700,819392,904770,949995,10555498,28919 
태릉입구,733894,752024,916918,919290,949933,876270,840937,798560,910080,837620,894930,906378,10336834,28320 
하계,909106,944160,1079110,1094790,1131283,999570,1029944,949530,1063890,978174,1065480,1098578,12343615,33818 
학동,1156517,1259216,1317779,1363140,1408578,1225650,1352437,1203792,1348290,1157199,1302450,1383809,15478857,42408 
학여울,116870,143276,170562,157200,162440,137460,141360,166842,140400,127131,165360,178498,1807399,4952 
한강진,950212,576128,749549,688620,711574,586350,617675,631067,691110,627998,659370,694803,8184456,22423 
한남,224378,182756,206150,211260,218302,198750,205592,192665,215580,197098,210780,220813,2484124,6806 
한성대입구(삼선교),688851,706188,919987,960270,992279,842130,801753,747007,924750,867349,926760,902596,10279920,28164 
한성백제,156209,162708,180172,189720,196044,178200,190743,181846,191670,179428,206430,197129,2210299,6056 
한양대,428389,441364,859847,888420,918034,676530,543461,466488,903960,721680,843600,748774,8440547,23125 
한티,874479,894908,955451,931050,962085,893220,1003842,954645,989190,905727,961230,965433,11291260,30935 
합정,2561375,2628612,2938335,2929590,3027243,2747790,2937250,2804229,2876010,2712810,2875260,3049811,34088315,93393 
행당,399931,411712,455266,462930,478361,431640,452507,418221,459090,419244,448440,469681,5307023,14540 
혜화,1970515,2027648,2344189,2275890,2351753,2094420,2170713,2122322,2218500,2197714,2427810,2511899,26713373,73187 
홍대입구,5245262,5256580,5978846,5599080,5785716,5579490,5917869,5835378,5584620,5785344,5887410,6265782,68721377,188278 
홍제,913415,930104,1106297,1112670,1149759,1012470,1021915,971571,1076880,1020830,1083120,1105615,12504646,34259 
화계,187364,191688,223448,224310,231787,213690,216070,207111,225180,207328,217080,221309,2566365,7031 
화곡,1443298,1486408,1656082,1668090,1723693,1563330,1636273,1517140,1647660,1538375,1628670,1716067,19225086,52671 
화랑대(서울여대입구),513515,530796,666066,679080,701716,595890,585125,549258,667710,594859,653790,643529,7381334,20223 
회기,1241550,1285620,1725646,1715910,1773107,1530540,1431487,1379841,1704690,1555983,1718370,1654811,18717555,51281 
회현(남대문시장),1402843,1488844,1765946,1783110,1842547,1659360,1682060,1548760,1703250,1628368,1792380,1884583,20182051,55293 
효창공원앞,533665,550816,662749,678780,701406,612870,620124,570338,678780,622511,670230,661788,7564057,20723 
흑석(중앙대입구),461900,471688,629610,631560,652612,555000,524675,480686,622230,543864,607410,595913,6777148,18568 
