노선명,역명,승차_01월,하차_01월,sum_01,승차_02월,하차_02월,sum_02,승차_03월,하차_03월,sum_03,승차_04월,하차_04월,sum_04,승차_05월,하차_05월,sum_05,승차_06월,하차_06월,sum_06,승차_07월,하차_07월,sum_07,승차_08월,하차_08월,sum_08,승차_09월,하차_09월,sum_09,승차_10월,하차_10월,sum_10,승차_11월,하차_11월,sum_11,승차_12월,하차_12월,sum_12
1호선,동대문,10948,10648,21596,11636,11276,22912,12766,12552,25318,12886,12431,25317,12886,12431,25317,12429,12179,24608,11740,11363,23103,11500,11254,22754,12556,12192,24748,12785,12670,25455,13209,12876,26085,13040,12713,25753
1호선,동묘앞,9007,9214,18221,9960,10257,20217,11408,11786,23194,10980,11149,22129,10980,11149,22129,10724,10913,21637,9495,9537,19032,9849,9938,19787,10256,10479,20735,10471,10924,21395,11449,11773,23222,10050,10310,20360
1호선,서울역,60703,56771,117474,68940,63250,132190,71416,66273,137689,74162,69614,143776,74162,69614,143776,70790,66236,137026,71361,66800,138161,69325,65745,135070,74340,70700,145040,70234,67169,137403,78156,74401,152557,78211,74292,152503
1호선,시청,22505,22771,45276,25947,25928,51875,27220,27526,54746,26617,26858,53475,26617,26858,53475,24247,24538,48785,24264,24523,48787,23877,24008,47885,27521,27769,55290,25117,25265,50382,28425,28909,57334,28409,28470,56879
1호선,신설동,11980,11515,23495,13485,13061,26546,14214,13671,27885,14606,14009,28615,14606,14009,28615,13762,13272,27034,13771,13235,27006,12954,12442,25396,14564,14048,28612,13035,12523,25558,14411,13838,28249,14287,13741,28028
1호선,제기동,15681,16265,31946,16248,16619,32867,17050,17511,34561,17445,17803,35248,17445,17803,35248,16133,16541,32674,15329,15592,30921,14854,15206,30060,17041,17522,34563,15598,16053,31651,16718,17192,33910,16059,16426,32485
1호선,종각,33058,31890,64948,38217,37157,75374,39471,37256,76727,39161,37886,77047,39161,37886,77047,35141,34339,69480,37166,36514,73680,34982,34263,69245,38827,38224,77051,34573,33424,67997,38979,37768,76747,43719,41476,85195
1호선,종로3가,22414,20583,42997,25568,23225,48793,27617,24267,51884,27572,24585,52157,27572,24585,52157,25374,22739,48113,23840,21692,45532,23101,21018,44119,26121,23477,49598,25053,22568,47621,26935,24249,51184,27625,24664,52289
1호선,종로5가,20072,19540,39612,23045,22481,45526,24157,23499,47656,24270,23645,47915,24270,23645,47915,22746,22205,44951,22562,21994,44556,22122,21601,43723,24405,24004,48409,22502,21991,44493,24166,23795,47961,24370,23877,48247
1호선,청량리(서울시립대입구),20602,20452,41054,22274,21735,44009,23208,23025,46233,23378,23259,46637,23378,23259,46637,22295,22296,44591,21596,21552,43148,21750,21788,43538,24302,24370,48672,22270,22258,44528,24040,24147,48187,24053,23998,48051
2호선,강남,69476,68090,137566,80879,79284,160163,76055,74830,150885,78746,77791,156537,78746,77791,156537,73982,72497,146479,81801,79872,161673,75429,73324,148753,79767,78277,158044,69263,68202,137465,78197,77056,155253,82019,80540,162559
2호선,강변(동서울터미널),24848,23249,48097,27737,25568,53305,27450,25331,52781,28111,25879,53990,28111,25879,53990,26813,24859,51672,26964,24956,51920,26469,24782,51251,28157,25888,54045,26485,24690,51175,28624,26486,55110,28482,26102,54584
2호선,건대입구,32221,33910,66131,35736,37496,73232,38166,39527,77693,38268,39406,77674,38268,39406,77674,35681,37104,72785,35083,36875,71958,34391,36118,70509,38492,39634,78126,35747,36806,72553,39789,40836,80625,40474,42371,82845
2호선,교대(법원.검찰청),24874,29680,54554,29213,34805,64018,28690,34455,63145,30861,37077,67938,30861,37077,67938,27580,33224,60804,29163,35040,64203,25921,31182,57103,30113,36162,66275,25226,30348,55574,28971,34926,63897,30015,36237,66252
2호선,구로디지털단지,47941,47412,95353,55435,54838,110273,53972,53332,107304,57242,56638,113880,57242,56638,113880,53203,52606,105809,55101,54583,109684,50616,50252,100868,56064,55708,111772,49435,48909,98344,55131,54532,109663,56289,55618,111907
2호선,구의(광진구청),21233,20806,42039,24034,23579,47613,24051,23545,47596,25339,24706,50045,25339,24706,50045,25403,24823,50226,26487,26100,52587,24737,24341,49078,27423,26900,54323,24520,24083,48603,27534,26967,54501,28473,28055,56528
2호선,낙성대(강감찬),23253,22493,45746,26540,25703,52243,27421,26624,54045,28598,27756,56354,28598,27756,56354,26795,25893,52688,27355,26379,53734,25540,24558,50098,28494,27740,56234,25209,24406,49615,27954,27181,55135,27786,26848,54634
2호선,당산,15327,17212,32539,17717,20029,37746,18201,20558,38759,19685,22055,41740,19685,22055,41740,17861,20086,37947,17464,19931,37395,16170,18280,34450,18915,21681,40596,16456,18696,35152,18419,20965,39384,18236,20702,38938
2호선,대림(구로구청),21255,21632,42887,23423,23774,47197,24189,24631,48820,24991,25457,50448,24991,25457,50448,23670,24166,47836,23326,23798,47124,21951,22485,44436,24318,24977,49295,22508,23091,45599,24403,25013,49416,24417,24966,49383
2호선,도림천,1096,1168,2264,1271,1350,2621,1236,1317,2553,1492,1606,3098,1492,1606,3098,1222,1276,2498,1290,1341,2631,1198,1250,2448,1383,1472,2855,1171,1222,2393,1341,1427,2768,1308,1373,2681
2호선,동대문역사문화공원(DDP),12488,14274,26762,14065,16004,30069,15194,17503,32697,15474,18021,33495,15474,18021,33495,15237,17681,32918,15266,17550,32816,14483,16715,31198,15822,18354,34176,14712,17055,31767,15848,18576,34424,16209,19013,35222
2호선,뚝섬,20020,20871,40891,23986,25061,49047,24341,25222,49563,26767,27627,54394,26767,27627,54394,24156,25249,49405,24140,25504,49644,22577,23739,46316,25130,26391,51521,22558,23420,45978,25253,26138,51391,25289,26331,51620
2호선,문래,19317,19906,39223,22859,23490,46349,22119,22786,44905,23181,23808,46989,23181,23808,46989,21538,22415,43953,22574,23355,45929,20495,21264,41759,23074,23846,46920,19854,20594,40448,22523,23313,45836,22853,23654,46507
2호선,방배,12814,13159,25973,14987,15410,30397,17662,18094,35756,18686,19110,37796,18686,19110,37796,16087,16492,32579,14714,15031,29745,13391,13655,27046,18068,18504,36572,15244,15613,30857,17431,17851,35282,16912,17283,34195
2호선,봉천,20639,19389,40028,23694,22453,46147,23776,22446,46222,25111,23586,48697,25111,23586,48697,23796,22294,46090,24462,23061,47523,22803,21363,44166,24761,23179,47940,21990,20539,42529,24290,22748,47038,24421,22940,47361
2호선,사당,40817,38911,79728,41474,44602,86076,42192,45621,87813,43354,47213,90567,43354,47213,90567,41041,44623,85664,40775,44443,85218,38164,41906,80070,42527,46558,89085,37798,41172,78970,42930,46594,89524,45064,48691,93755
2호선,삼성(무역센터),44093,44281,88374,52234,52556,104790,50810,51148,101958,55317,55797,111114,55317,55797,111114,50909,51156,102065,55867,55958,111825,49649,49778,99427,53100,53730,106830,44926,45276,90202,54423,54385,108808,60631,59088,119719
2호선,상왕십리,12142,11920,24062,13814,13644,27458,14097,13843,27940,14847,14507,29354,14847,14507,29354,13639,13475,27114,13980,13876,27856,12929,12737,25666,14491,14225,28716,12866,12630,25496,14262,13962,28224,14529,14305,28834
2호선,서울대입구(관악구청),39149,38034,77183,44877,43706,88583,46654,44837,91491,47822,45836,93658,47822,45836,93658,44463,42942,87405,45354,43960,89314,42362,40996,83358,47762,45801,93563,41969,40195,82164,46827,44941,91768,46695,44725,91420
2호선,서초,17838,17480,35318,21367,20888,42255,21074,20531,41605,22344,21412,43756,22344,21412,43756,20640,20122,40762,21138,20520,41658,19523,18872,38395,22371,21888,44259,18930,18174,37104,22118,21511,43629,22305,21661,43966
2호선,선릉,45145,39799,84944,54382,47750,102132,51836,45762,97598,55584,48905,104489,55584,48905,104489,50855,44634,95489,56015,48994,105009,50156,43759,93915,56183,49247,105430,46625,40885,87510,53558,46991,100549,55179,48310,103489
2호선,성수,39556,42563,82119,46580,49979,96559,47233,51227,98460,48671,52446,101117,48671,52446,101117,46897,50813,97710,49590,53193,102783,47532,51276,98808,52469,57111,109580,48363,52554,100917,55796,60230,116026,58888,62907,121795
2호선,시청,21860,20184,42044,25554,23790,49344,25343,23375,48718,26758,25018,51776,26758,25018,51776,23894,22276,46170,25349,23600,48949,23299,21468,44767,26902,25197,52099,23593,21646,45239,27050,25047,52097,27398,24911,52309
2호선,신답,1322,1487,2809,1512,1725,3237,1562,1717,3279,1664,1842,3506,1664,1842,3506,1521,1709,3230,1544,1772,3316,1441,1632,3073,1697,1887,3584,1538,1685,3223,1718,1902,3620,1693,1911,3604
2호선,신당,13041,13775,26816,14573,15288,29861,14823,15523,30346,15360,15896,31256,15360,15896,31256,14405,14981,29386,14592,15243,29835,13640,14309,27949,15068,15539,30607,13717,14280,27997,15180,15763,30943,15555,16371,31926
2호선,신대방,21658,20770,42428,24208,23250,47458,24516,23560,48076,25919,24996,50915,25919,24996,50915,25117,23991,49108,24390,23339,47729,22952,21798,44750,25327,24222,49549,23020,21893,44913,24862,23738,48600,24700,23660,48360
2호선,신도림,44308,42884,87192,50650,48837,99487,50963,49567,100530,52637,50899,103536,52637,50899,103536,49645,47994,97639,48112,46129,94241,44866,43125,87991,49619,47674,97293,43819,42250,86069,49435,47544,96979,49596,47733,97329
2호선,신림,48128,47116,95244,53802,52761,106563,54085,53014,107099,56173,54864,111037,56173,54864,111037,53556,52146,105702,54352,53216,107568,51548,50357,101905,55619,54277,109896,50516,49361,99877,55280,54105,109385,56182,55007,111189
2호선,신설동,3249,3290,6539,3795,3766,7561,4068,3972,8040,4028,3960,7988,4028,3960,7988,3797,3677,7474,3754,3692,7446,3657,3592,7249,3938,3837,7775,3599,3463,7062,4110,4045,8155,3966,3957,7923
2호선,신정네거리,8604,8891,17495,9840,10191,20031,10026,10320,20346,10412,10699,21111,10412,10699,21111,9711,9910,19621,9852,10122,19974,9044,9272,18316,10224,10466,20690,9237,9451,18688,10078,10259,20337,10241,10415,20656
2호선,신촌,31978,32322,64300,35880,36260,72140,40067,40400,80467,40021,40355,80376,40021,40355,80376,36678,37125,73803,36267,36715,72982,34221,34678,68899,40852,41272,82124,36075,36383,72458,39980,40330,80310,39378,39718,79096
2호선,아현,9111,8577,17688,10099,9616,19715,10841,10319,21160,11231,10652,21883,11231,10652,21883,10482,9826,20308,10453,9840,20293,9681,9054,18735,11318,10548,21866,10275,9599,19874,11325,10581,21906,11246,10625,21871
2호선,양천구청,5666,5928,11594,6546,6896,13442,6634,6952,13586,6977,7282,14259,6977,7282,14259,6476,6746,13222,6403,6732,13135,5854,6151,12005,6746,7121,13867,6083,6372,12455,6713,7034,13747,6732,7061,13793
2호선,역삼,39907,44544,84451,48109,53966,102075,44756,50701,95457,48422,54573,102995,48422,54573,102995,42742,48249,90991,48474,54322,102796,42706,48110,90816,48777,54913,103690,39840,44837,84677,45789,51771,97560,47612,53231,100843
2호선,영등포구청,18802,19397,38199,21856,22519,44375,21369,22248,43617,22562,23316,45878,22562,23316,45878,20840,21588,42428,21757,22478,44235,19873,20544,40417,22658,23398,46056,19413,20140,39553,22221,22928,45149,22859,23598,46457
2호선,왕십리(성동구청),13147,12469,25616,14979,14157,29136,16220,14951,31171,16473,14939,31412,16473,14939,31412,15376,13963,29339,15310,14177,29487,14338,13468,27806,16597,15066,31663,14606,13336,27942,16647,15145,31792,16927,15627,32554
2호선,용답,2465,2407,4872,2736,2680,5416,3159,3183,6342,3252,3242,6494,3252,3242,6494,2966,2914,5880,2813,2735,5548,2660,2596,5256,3164,3134,6298,2863,2791,5654,3114,3091,6205,2972,2948,5920
2호선,용두(동대문구청),2220,2267,4487,2430,2484,4914,2547,2562,5109,2586,2614,5200,2586,2614,5200,2423,2439,4862,2449,2472,4921,2303,2295,4598,2619,2609,5228,2594,2585,5179,2695,2694,5389,2440,2428,4868
2호선,을지로3가,20438,20426,40864,24184,23981,48165,24231,23957,48188,25601,25573,51174,25601,25573,51174,23529,23613,47142,24899,24971,49870,22947,23115,46062,25408,25434,50842,22396,22521,44917,25007,25117,50124,26264,26286,52550
2호선,을지로4가,11626,11726,23352,13505,13394,26899,14158,14085,28243,14979,14925,29904,14979,14925,29904,13784,13639,27423,14343,14079,28422,13134,12747,25881,14809,14547,29356,13028,12880,25908,14755,14475,29230,14979,14859,29838
2호선,을지로입구,41726,42327,84053,47272,48465,95737,47787,48551,96338,49515,51261,100776,49515,51261,100776,46380,47760,94140,48794,50278,99072,45627,46417,92044,50115,51446,101561,45729,46314,92043,51339,51971,103310,55383,56118,111501
2호선,이대,12521,13554,26075,14688,15981,30669,18227,19960,38187,18837,20328,39165,18837,20328,39165,16032,17420,33452,14919,16107,31026,13945,15056,29001,18496,20054,38550,16082,17346,33428,18679,20355,39034,17163,18486,35649
2호선,잠실(송파구청),68937,66905,135842,79070,77465,156535,76897,75538,152435,87349,86290,173639,87349,86290,173639,75357,74285,149642,79837,78850,158687,75747,74372,150119,77021,76478,153499,75155,74282,149437,81802,80768,162570,91187,89227,180414
2호선,잠실나루,12131,11748,23879,14021,13550,27571,13870,13457,27327,15122,14797,29919,15122,14797,29919,13702,13333,27035,14019,13502,27521,12750,12307,25057,14826,14344,29170,13039,12716,25755,14633,14251,28884,14516,14072,28588
2호선,잠실새내,20076,19840,39916,22974,22594,45568,23683,23161,46844,24817,24404,49221,24817,24404,49221,22980,22676,45656,23628,23345,46973,21976,21963,43939,24276,23692,47968,21393,21134,42527,23793,23174,46967,24579,24281,48860
2호선,종합운동장,6598,7236,13834,7574,8167,15741,12995,14416,27411,17913,20231,38144,17913,20231,38144,16875,18812,35687,16576,18463,35039,16619,18430,35049,14893,17031,31924,11117,12535,23652,11246,12401,23647,9961,10870,20831
2호선,충정로(경기대입구),8295,8714,17009,9608,10204,19812,9693,10366,20059,10277,10886,21163,10277,10886,21163,9280,9895,19175,9574,10155,19729,8682,9137,17819,10239,10808,21047,8812,9296,18108,9998,10689,20687,10082,10784,20866
2호선,한양대,6749,7070,13819,7565,8198,15763,13072,14665,27737,14096,15518,29614,14096,15518,29614,10772,11779,22551,8522,9009,17531,7322,7726,15048,14373,15759,30132,11228,12052,23280,13502,14618,28120,11641,12513,24154
2호선,합정,27963,30692,58655,31868,34923,66791,31801,34907,66708,33046,36185,69231,33046,36185,69231,31081,34107,65188,32171,35331,67502,30719,33792,64511,32465,35608,68073,29534,32499,62033,32560,35830,68390,33434,36646,70080
2호선,홍대입구,66240,71013,137253,73581,78486,152067,75533,81618,157151,73334,78692,152026,73334,78692,152026,72397,77898,150295,74267,80007,154274,72735,78836,151571,72127,77880,150007,71618,78209,149827,75996,81859,157855,78734,84426,163160
3호선,가락시장,7896,7729,15625,8745,8533,17278,8788,8584,17372,9193,8970,18163,9193,8970,18163,8513,8334,16847,8620,8385,17005,7996,7770,15766,8966,8819,17785,8025,7870,15895,9149,8993,18142,9535,9373,18908
3호선,경복궁(정부서울청사),20974,21918,42892,23686,23953,47639,30438,30925,61363,29793,30460,60253,29793,30460,60253,27579,28831,56410,23885,24250,48135,22298,22309,44607,26664,26887,53551,26282,27248,53530,30564,31419,61983,26259,26481,52740
3호선,경찰병원,6219,6269,12488,7227,7285,14512,7024,7031,14055,7385,7351,14736,7385,7351,14736,6825,6825,13650,7237,7224,14461,6603,6591,13194,7445,7423,14868,6373,6324,12697,7155,7077,14232,7316,7296,14612
3호선,고속터미널,45895,44544,90439,50073,47551,97624,50511,47810,98321,49888,47093,96981,49888,47093,96981,50163,48139,98302,50400,48107,98507,50775,48747,99522,50697,48391,99088,49513,48062,97575,53009,51401,104410,55743,53253,108996
3호선,교대(법원.검찰청),13466,7592,21058,15804,8911,24715,15986,9018,25004,16971,9666,26637,16971,9666,26637,15106,8565,23671,15928,9070,24998,14386,8151,22537,16890,9658,26548,14255,8086,22341,16585,9391,25976,16988,9523,26511
3호선,구파발,18686,18064,36750,20945,20293,41238,21130,20678,41808,22020,21301,43321,22020,21301,43321,21111,20605,41716,21708,21214,42922,20283,19970,40253,22267,21641,43908,20475,20066,40541,22211,21618,43829,22261,21591,43852
3호선,금호,6966,6576,13542,7746,7338,15084,7905,7476,15381,8305,7820,16125,8305,7820,16125,7726,7314,15040,7696,7278,14974,7189,6770,13959,8133,7615,15748,7354,6873,14227,8109,7607,15716,8113,7629,15742
3호선,남부터미널(예술의전당),27377,27636,55013,32005,32213,64218,30034,30428,60462,30524,30849,61373,30524,30849,61373,28476,28872,57348,29464,29679,59143,27574,27767,55341,30549,30726,61275,28222,28306,56528,31274,31472,62746,31561,31557,63118
3호선,녹번,12742,11680,24422,14419,13304,27723,14943,13797,28740,15661,14282,29943,15661,14282,29943,14310,13075,27385,14479,13205,27684,13266,12095,25361,15294,13935,29229,13680,12492,26172,15145,13879,29024,15130,13929,29059
3호선,대청,8802,8309,17111,10132,9637,19769,10355,9750,20105,11024,10336,21360,11024,10336,21360,10151,9489,19640,10434,9833,20267,9574,8971,18545,11095,10300,21395,9578,8937,18515,10807,10085,20892,10801,10097,20898
3호선,대치,11469,10922,22391,12878,12462,25340,12339,12054,24393,12312,12141,24453,12312,12141,24453,11768,11391,23159,12684,12199,24883,12253,11604,23857,13078,12744,25822,11701,11299,23000,12329,12095,24424,11751,11565,23316
3호선,도곡,4866,4870,9736,5692,5780,11472,5856,5917,11773,6390,6431,12821,6390,6431,12821,5712,5448,11160,5818,5714,11532,5205,5068,10273,6104,5954,12058,5227,5083,10310,6046,5891,11937,6181,6138,12319
3호선,독립문,6486,6605,13091,7435,7565,15000,8351,8644,16995,8420,8821,17241,8420,8821,17241,7726,8054,15780,7361,7438,14799,7743,7827,15570,8181,8468,16649,7733,8139,15872,8333,8759,17092,7997,8289,16286
3호선,동대입구,8179,9011,17190,9146,10112,19258,11525,13039,24564,13006,14750,27756,13006,14750,27756,10408,11451,21859,9075,9748,18823,8878,9718,18596,12647,14105,26752,10960,12438,23398,13389,15005,28394,11311,12481,23792
3호선,매봉,10212,9800,20012,12091,11569,23660,11848,11394,23242,13169,12830,25999,13169,12830,25999,11564,11203,22767,12248,11832,24080,10974,10600,21574,12551,12085,24636,10776,10352,21128,12121,11674,23795,12605,12159,24764
3호선,무악재,3624,3628,7252,4087,4058,8145,4144,4230,8374,4346,4396,8742,4346,4396,8742,3980,3994,7974,4012,3984,7996,3749,3698,7447,4207,4166,8373,3811,3788,7599,4194,4139,8333,4159,4100,8259
3호선,불광,14206,15241,29447,16103,17252,33355,16854,18148,35002,17203,18381,35584,17203,18381,35584,16241,17420,33661,16209,17335,33544,15198,16265,31463,16977,18047,35024,15495,16514,32009,16691,17860,34551,16609,17736,34345
3호선,수서,16476,16290,32766,18545,18346,36891,18536,18336,36872,19342,19128,38470,19342,19128,38470,18176,17953,36129,18219,18020,36239,17110,17022,34132,18849,18826,37675,17117,16963,34080,18932,18767,37699,19026,18808,37834
3호선,신사,23994,24836,48830,27325,28487,55812,26288,27490,53778,27252,28481,55733,27252,28481,55733,25096,26379,51475,26262,27528,53790,24052,25322,49374,27029,28563,55592,23181,24515,47696,26344,27556,53900,27970,29095,57065
3호선,안국,22667,23421,46088,26722,27518,54240,31012,31972,62984,28489,29694,58183,28489,29694,58183,27196,28127,55323,25749,26294,52043,23561,24472,48033,27585,28729,56314,26848,28033,54881,29230,30448,59678,25990,27130,53120
3호선,압구정,26620,28322,54942,29876,31847,61723,29267,31243,60510,30513,32574,63087,30513,32574,63087,29402,31200,60602,30518,32410,62928,27481,29274,56755,30584,32632,63216,27117,28918,56035,30557,32599,63156,32189,34332,66521
3호선,약수,10802,10500,21302,12116,11733,23849,12422,12136,24558,13037,12743,25780,13037,12743,25780,12082,12018,24100,12153,11872,24025,11423,11163,22586,12952,12641,25593,11543,11250,22793,12845,12569,25414,12956,12678,25634
3호선,양재(서초구청),30175,31804,61979,35607,37679,73286,35198,37273,72471,37773,39831,77604,37773,39831,77604,33571,35829,69400,35337,37488,72825,31722,33781,65503,37030,39290,76320,31394,33262,64656,36562,38782,75344,37287,39307,76594
3호선,연신내,31157,30009,61166,34743,33393,68136,36040,34492,70532,37260,35385,72645,37260,35385,72645,35254,33324,68578,35541,33632,69173,33647,31977,65624,37113,35077,72190,34703,32828,67531,37410,35482,72892,37642,36009,73651
3호선,오금,5440,4919,10359,6290,5645,11935,6313,5648,11961,6672,5897,12569,6672,5897,12569,6044,5392,11436,6300,5574,11874,5698,5125,10823,6525,5782,12307,5640,5126,10766,6381,5712,12093,6357,5729,12086
3호선,옥수,7689,7949,15638,8491,8797,17288,8836,9075,17911,9284,9524,18808,9284,9524,18808,8828,8992,17820,8578,8854,17432,8112,8344,16456,9320,9544,18864,8363,8536,16899,9149,9357,18506,9051,9284,18335
3호선,을지로3가,9947,9819,19766,11533,11461,22994,11665,11482,23147,12325,12128,24453,12325,12128,24453,11455,11111,22566,12121,11817,23938,11195,10963,22158,12462,12118,24580,11302,10912,22214,12780,12116,24896,13678,13035,26713
3호선,일원,8849,8606,17455,10327,10061,20388,10354,10091,20445,11125,10786,21911,11125,10786,21911,10292,10000,20292,10524,10292,20816,9585,9355,18940,11147,10834,21981,9582,9314,18896,10989,10665,21654,11197,10909,22106
3호선,잠원,4226,4015,8241,4847,4632,9479,5080,4822,9902,5463,5180,10643,5463,5180,10643,5065,4831,9896,5782,5578,11360,5911,5781,11692,7028,6754,13782,6316,6052,12368,7172,6827,13999,7223,6895,14118
3호선,종로3가,9142,10039,19181,10734,12089,22823,11218,12726,23944,12168,13848,26016,12168,13848,26016,11111,12814,23925,10952,12353,23305,9835,11293,21128,11480,13049,24529,10711,12257,22968,11548,12892,24440,11362,12863,24225
3호선,충무로,3,0,3,3,0,3,5,0,5,5,0,5,5,0,5,5,0,5,5,0,5,4,0,4,6,0,6,6,0,6,7,0,7,5,0,5
3호선,학여울,1877,1893,3770,2524,2593,5117,2700,2802,5502,2598,2642,5240,2598,2642,5240,2273,2309,4582,2255,2305,4560,2666,2716,5382,2330,2350,4680,2049,2052,4101,2749,2763,5512,2857,2901,5758
3호선,홍제,15054,14411,29465,16949,16269,33218,18189,17498,35687,18977,18112,37089,18977,18112,37089,17360,16389,33749,17068,15897,32965,16122,15219,31341,18431,17465,35896,16907,16023,32930,18552,17552,36104,18251,17414,35665
4호선,길음,17739,17371,35110,20203,19839,40042,21847,21825,43672,22833,22771,45604,22833,22771,45604,20620,20372,40992,20139,19592,39731,18653,18109,36762,22122,22087,44209,19741,19650,39391,21781,21881,43662,21422,21300,42722
4호선,남태령,1180,991,2171,1326,1112,2438,1677,1356,3033,1503,1255,2758,1503,1255,2758,1399,1146,2545,1430,1174,2604,1345,1091,2436,1458,1191,2649,1293,1051,2344,1470,1188,2658,1442,1191,2633
4호선,노원,18254,20508,38762,20340,22878,43218,20751,23290,44041,21067,23572,44639,21067,23572,44639,19994,22216,42210,20144,22370,42514,18905,21027,39932,20957,23335,44292,19338,21500,40838,20694,23075,43769,21344,23857,45201
4호선,동대문,15000,15572,30572,17980,18641,36621,19189,19800,38989,19621,19973,39594,19621,19973,39594,18620,19001,37621,18771,19244,38015,16557,17032,33589,18974,19289,38263,17515,17933,35448,19073,19373,38446,18777,19413,38190
4호선,동대문역사문화공원(DDP),16474,14358,30832,18778,16425,35203,19937,17297,37234,20026,17389,37415,20026,17389,37415,19605,17030,36635,19835,17264,37099,19258,16565,35823,20597,17966,38563,19368,16833,36201,20939,18267,39206,21286,18463,39749
4호선,동작(현충원),1234,1296,2530,1435,1503,2938,1761,1833,3594,2181,2323,4504,2181,2323,4504,2311,2354,4665,1775,1778,3553,1729,1733,3462,2317,2298,4615,2033,2087,4120,2086,2118,4204,1743,1802,3545
4호선,명동,29795,31686,61481,32679,34301,66980,37665,40106,77771,37525,39751,77276,37525,39751,77276,35502,37818,73320,34597,36960,71557,35489,37857,73346,38203,40260,78463,37140,39747,76887,40255,43125,83380,41223,44818,86041
4호선,미아(서울사이버대학),13052,12554,25606,14847,14344,29191,15992,15448,31440,16823,16263,33086,16823,16263,33086,15526,14867,30393,15080,14472,29552,14108,13527,27635,16420,15790,32210,14828,14202,29030,16125,15520,31645,15999,15417,31416
4호선,미아사거리,22707,22465,45172,25447,25269,50716,25902,25555,51457,26700,26290,52990,26700,26290,52990,25183,24661,49844,25355,24945,50300,23702,23273,46975,26351,25895,52246,24061,23621,47682,25919,25582,51501,26401,26137,52538
4호선,불암산,,,0,,,0,,,0,9944,8683,18627,9944,8683,18627,9375,8212,17587,9518,8308,17826,8917,7841,16758,9862,8556,18418,8974,7852,16826,9613,8404,18017,9560,8372,17932
4호선,사당,17650,20281,37931,25138,22980,48118,26118,23994,50112,27077,24344,51421,27077,24344,51421,25437,23035,48472,25282,22461,47743,24009,21337,45346,26725,24049,50774,23888,21519,45407,26815,24549,51364,27261,25017,52278
4호선,삼각지,5722,6654,12376,6590,7609,14199,6591,7870,14461,6567,7743,14310,6567,7743,14310,,,0,,,0,,,0,,,0,,,0,,,0,,,0
4호선,삼각지(전쟁기념관),,,0,,,0,,,0,6640,7768,14408,6640,7768,14408,6425,7702,14127,6677,7841,14518,6420,7761,14181,6797,7997,14794,6203,7418,13621,7117,8487,15604,7570,8983,16553
4호선,상계,16716,15659,32375,18707,17569,36276,19274,18034,37308,20650,19350,40000,20650,19350,40000,18934,17658,36592,18799,17606,36405,17496,16386,33882,19740,18446,38186,17819,16666,34485,19307,18088,37395,19380,18214,37594
4호선,서울역,10116,19832,29948,11910,22656,34566,12062,23119,35181,12651,23465,36116,12651,23465,36116,11784,22378,34162,12469,22634,35103,11492,22178,33670,13000,23300,36300,11303,21390,32693,12819,24719,37538,12609,24221,36830
4호선,성신여대입구(돈암),18534,18082,36616,20833,20497,41330,23551,22639,46190,24015,22992,47007,24015,22992,47007,21621,20789,42410,20653,20181,40834,19661,19236,38897,23798,22886,46684,21278,20250,41528,23625,22700,46325,23652,22719,46371
4호선,수유(강북구청),29479,29616,59095,32796,33066,65862,34017,34173,68190,35106,35309,70415,35106,35309,70415,32997,32887,65884,32882,33045,65927,30901,31006,61907,34581,34630,69211,31763,31683,63446,34267,34296,68563,34627,34815,69442
4호선,숙대입구(갈월),12031,11790,23821,14025,13777,27802,16099,15589,31688,16438,15929,32367,16438,15929,32367,14817,14452,29269,14245,14037,28282,13416,13164,26580,16279,15952,32231,14202,13795,27997,16312,15903,32215,15779,15408,31187
4호선,신용산,18158,19527,37685,20660,22208,42868,19820,21512,41332,19939,21507,41446,19939,21507,41446,20421,22201,42622,21229,23223,44452,20377,22399,42776,21558,23446,45004,19355,21042,40397,21575,23383,44958,23178,24987,48165
4호선,쌍문,25187,23364,48551,28187,26269,54456,28842,26797,55639,29940,27974,57914,29940,27974,57914,28010,25955,53965,28169,26165,54334,26202,24348,50550,29305,27262,56567,26532,24555,51087,28723,26729,55452,29064,27034,56098
4호선,이촌(국립중앙박물관),8804,9437,18241,10232,10986,21218,8729,9585,18314,9300,10259,19559,9300,10259,19559,9894,10719,20613,12088,12632,24720,13185,13716,26901,10423,11737,22160,10649,11472,22121,10865,11743,22608,11963,12690,24653
4호선,창동,23506,24781,48287,26012,27383,53395,26467,27878,54345,27472,28892,56364,27472,28892,56364,26357,27704,54061,26236,27621,53857,24642,25911,50553,27658,29126,56784,24956,26255,51211,27061,28462,55523,27490,28790,56280
4호선,총신대입구(이수),16826,18220,35046,18754,20323,39077,19289,20842,40131,20032,21681,41713,20032,21681,41713,18848,20333,39181,18782,20326,39108,17688,19142,36830,19682,21225,40907,17870,19297,37167,19592,21196,40788,19788,21397,41185
4호선,충무로,24032,24686,48718,28205,28875,57080,31029,31445,62474,32967,33660,66627,32967,33660,66627,28867,29853,58720,28787,29729,58516,26749,27810,54559,32425,33003,65428,28149,29116,57265,32229,33404,65633,30919,32026,62945
4호선,한성대입구(삼선교),11224,10997,22221,12756,12465,25221,15044,14633,29677,16160,15849,32009,16160,15849,32009,14273,13798,28071,13217,12646,25863,12301,11796,24097,15698,15127,30825,14202,13777,27979,15655,15237,30892,14804,14312,29116
4호선,혜화,31650,31915,63565,36153,36263,72416,37713,37906,75619,37954,37909,75863,37954,37909,75863,34746,35068,69814,34894,35129,70023,33972,34490,68462,37415,36535,73950,35546,35348,70894,40589,40338,80927,40637,40392,81029
4호선,회현(남대문시장),22196,23057,45253,26082,27091,53173,27923,29043,56966,29198,30239,59437,29198,30239,59437,27026,28286,55312,26683,27577,54260,24568,25392,49960,27988,28787,56775,25739,26789,52528,29071,30675,59746,29644,31149,60793
5호선,강동,15932,15473,31405,18292,17846,36138,18318,17767,36085,19091,18463,37554,19091,18463,37554,17720,17244,34964,18113,17532,35645,16971,16447,33418,18886,18244,37130,16576,15987,32563,18600,17952,36552,18968,18308,37276
5호선,강일,5074,4689,9763,5796,5394,11190,5962,5495,11457,6285,5788,12073,6285,5788,12073,5837,5356,11193,5742,5338,11080,5317,4910,10227,6071,5614,11685,5500,5058,10558,6035,5595,11630,6087,5654,11741
5호선,개롱,5515,5752,11267,6420,6635,13055,6592,6789,13381,6923,7141,14064,6923,7141,14064,6366,6560,12926,6453,6668,13121,5905,6127,12032,6695,6903,13598,5850,5997,11847,6440,6609,13049,6458,6647,13105
5호선,개화산,5232,5022,10254,5737,5480,11217,5769,5500,11269,6050,5749,11799,6050,5749,11799,5745,5479,11224,5940,5659,11599,5543,5302,10845,6170,5884,12054,5554,5321,10875,6028,5772,11800,6092,5844,11936
5호선,거여,8426,8144,16570,9588,9328,18916,9878,9564,19442,10364,10099,20463,10364,10099,20463,9558,9289,18847,9630,9408,19038,8829,8607,17436,10194,9966,20160,8986,8755,17741,9944,9689,19633,10075,9847,19922
5호선,고덕,8530,8359,16889,9981,9720,19701,10192,9842,20034,10888,10601,21489,10888,10601,21489,9871,9680,19551,10045,9851,19896,9204,9031,18235,10458,10219,20677,9192,9000,18192,10287,10053,20340,10506,10186,20692
5호선,공덕,12155,12517,24672,13878,14614,28492,13874,14468,28342,14925,15564,30489,14925,15564,30489,13294,13797,27091,13831,14337,28168,12452,12872,25324,14443,14869,29312,12242,12641,24883,14030,14514,28544,14375,14994,29369
5호선,광나루(장신대),9757,9332,19089,10860,10407,21267,11572,11183,22755,12189,11720,23909,12189,11720,23909,11197,10747,21944,10750,10184,20934,10128,9591,19719,11787,11373,23160,10550,10156,20706,11955,11463,23418,11298,10858,22156
5호선,광화문(세종문화회관),28624,30138,58762,33203,34618,67821,35007,36908,71915,33512,35431,68943,33512,35431,68943,31349,33376,64725,32040,33975,66015,29301,31072,60373,33064,35342,68406,30021,31489,61510,33441,35620,69061,38697,40730,79427
5호선,군자(능동),10139,11068,21207,11542,12674,24216,11949,13243,25192,12231,13472,25703,12231,13472,25703,11381,12489,23870,11363,12444,23807,10612,11692,22304,12138,13333,25471,10888,12022,22910,12285,13564,25849,12381,13806,26187
5호선,굽은다리(강동구민회관앞),8652,8252,16904,9900,9446,19346,9886,9481,19367,10081,9596,19677,10081,9596,19677,9666,9245,18911,9797,9436,19233,9279,8874,18153,9959,9485,19444,9013,8541,17554,9782,9281,19063,10318,9865,20183
5호선,길동,7625,7865,15490,8599,8858,17457,8677,8880,17557,9121,9273,18394,9121,9273,18394,8587,8694,17281,8709,8868,17577,8232,8372,16604,8925,9032,17957,8141,8250,16391,8843,8910,17753,9175,9382,18557
5호선,김포공항,11412,7281,18693,12402,7693,20095,12308,7779,20087,12367,7736,20103,12367,7736,20103,12009,7580,19589,13277,8348,21625,12737,7848,20585,12718,7882,20600,12537,7810,20347,13389,8434,21823,14461,9137,23598
5호선,까치산,23731,22910,46641,26693,25799,52492,26948,25973,52921,28272,27177,55449,28272,27177,55449,26514,25485,51999,26692,25691,52383,24908,23931,48839,27691,26579,54270,25236,24234,49470,27301,26270,53571,27572,26525,54097
5호선,답십리,13486,12226,25712,15488,14079,29567,15644,14174,29818,16342,14787,31129,16342,14787,31129,15035,13592,28627,15241,13752,28993,14116,12677,26793,15954,14398,30352,14121,12649,26770,15695,14048,29743,15856,14276,30132
5호선,동대문역사문화공원(DDP),2594,2929,5523,3082,3486,6568,3002,3397,6399,3142,3531,6673,3142,3531,6673,2874,3206,6080,3163,3515,6678,2835,3189,6024,3214,3620,6834,2714,3082,5796,2997,3370,6367,3197,3605,6802
5호선,둔촌동,9201,9171,18372,11514,11469,22983,12260,12124,24384,12765,12630,25395,12765,12630,25395,11996,11794,23790,12275,12143,24418,11594,11453,23047,13260,13051,26311,11865,11672,23537,13237,13077,26314,13588,13391,26979
5호선,마곡,9552,9645,19197,12251,12461,24712,12018,12222,24240,12552,12758,25310,12552,12758,25310,12354,12515,24869,13518,13688,27206,12745,12920,25665,14835,15024,29859,13215,13297,26512,14567,14614,29181,15637,15692,31329
5호선,마장,5042,4758,9800,5581,5234,10815,5884,5527,11411,6136,5772,11908,6136,5772,11908,5579,5213,10792,5546,5141,10687,5195,4837,10032,6134,5839,11973,5424,5135,10559,5904,5584,11488,6168,5898,12066
5호선,마천,6097,5641,11738,6977,6417,13394,7168,6542,13710,7480,6691,14171,7480,6691,14171,6906,6274,13180,6843,6187,13030,6288,5753,12041,7298,6551,13849,6424,5834,12258,7105,6456,13561,7114,6411,13525
5호선,마포,12159,12376,24535,14121,14417,28538,13955,14187,28142,14674,14996,29670,14674,14996,29670,13368,13574,26942,14061,14305,28366,12720,12932,25652,14959,15209,30168,12455,12598,25053,14175,14371,28546,14885,15176,30061
5호선,명일,7052,7058,14110,8113,8153,16266,8276,8251,16527,8630,8562,17192,8630,8562,17192,8019,7953,15972,7928,7899,15827,7405,7381,14786,8403,8281,16684,7511,7408,14919,8252,8133,16385,8386,8252,16638
5호선,목동,13828,14764,28592,15880,17039,32919,16138,17327,33465,16974,18132,35106,16974,18132,35106,15801,16831,32632,15959,17192,33151,14800,15858,30658,16650,18004,34654,14825,15975,30800,16187,17548,33735,16305,17641,33946
5호선,발산,19557,20122,39679,22686,23188,45874,22319,22826,45145,23276,23725,47001,23276,23725,47001,21590,22140,43730,22579,23109,45688,20617,21165,41782,23107,23642,46749,20634,21255,41889,23307,24037,47344,24192,24899,49091
5호선,방이,6393,6481,12874,7375,7553,14928,7340,7490,14830,7644,7842,15486,7644,7842,15486,7246,7327,14573,7328,7502,14830,6844,6948,13792,7602,7788,15390,6739,6837,13576,7715,7813,15528,7601,7782,15383
5호선,방화,5932,5706,11638,6656,6389,13045,6794,6507,13301,7139,6852,13991,7139,6852,13991,6786,6537,13323,6923,6691,13614,6413,6220,12633,7086,6843,13929,6539,6309,12848,6902,6672,13574,6976,6731,13707
5호선,상일동,12179,11651,23830,13958,13419,27377,13931,13308,27239,14845,14031,28876,14845,14031,28876,13743,13053,26796,14126,13393,27519,12883,12254,25137,14720,13968,28688,12934,12352,25286,14313,13657,27970,14580,13938,28518
5호선,서대문,15720,15776,31496,18668,18821,37489,19136,18917,38053,20446,20431,40877,20446,20431,40877,17821,17904,35725,18913,18973,37886,16387,16482,32869,19132,18990,38122,16086,15974,32060,18386,18380,36766,18675,18764,37439
5호선,송정,5586,5311,10897,6240,5907,12147,6302,5989,12291,6517,6196,12713,6517,6196,12713,6215,5901,12116,6204,5896,12100,5798,5463,11261,6343,5989,12332,5902,5603,11505,6334,6007,12341,6426,6134,12560
5호선,신금호,5250,5612,10862,6024,6408,12432,6213,6606,12819,6479,6869,13348,6479,6869,13348,5997,6404,12401,6008,6354,12362,5538,5861,11399,6361,6734,13095,5625,5994,11619,6167,6631,12798,6271,6672,12943
5호선,신길,4094,4311,8405,4700,4963,9663,4867,5060,9927,5178,5349,10527,5178,5349,10527,4764,4908,9672,4944,5163,10107,4509,4641,9150,5200,5263,10463,4469,4609,9078,4928,5109,10037,4951,5205,10156
5호선,신정(은행정),11221,9474,20695,12710,10710,23420,12779,10502,23281,13555,11190,24745,13555,11190,24745,12672,10611,23283,12998,10889,23887,11952,10051,22003,13532,11306,24838,12121,10180,22301,13300,11119,24419,13463,11273,24736
5호선,아차산(어린이대공원후문),12642,12366,25008,14230,13955,28185,15199,14736,29935,15995,15543,31538,15995,15543,31538,14755,14330,29085,13683,13485,27168,13144,12935,26079,15129,14757,29886,14482,14154,28636,15762,15485,31247,14919,14609,29528
5호선,애오개,6118,6023,12141,6196,6141,12337,6276,6147,12423,6652,6485,13137,6652,6485,13137,6054,5885,11939,6228,6076,12304,5746,5562,11308,6692,6411,13103,5860,5659,11519,6619,6362,12981,6669,6525,13194
5호선,양평,6452,6276,12728,7588,7396,14984,7426,7166,14592,8079,7811,15890,8079,7811,15890,7425,7171,14596,7902,7717,15619,7153,6942,14095,8186,7962,16148,7036,6805,13841,7903,7648,15551,8091,7929,16020
5호선,여의나루,8667,10254,18921,10402,12526,22928,13638,15611,29249,18027,20488,38515,18027,20488,38515,13050,14447,27497,12035,14067,26102,12393,13917,26310,14437,17513,31950,13293,14701,27994,12852,14961,27813,11013,13159,24172
5호선,여의도,23403,24350,47753,28154,29267,57421,26995,28731,55726,28529,30647,59176,28529,30647,59176,25038,26844,51882,28299,29528,57827,24725,26327,51052,28492,30426,58918,23426,24818,48244,27333,28597,55930,28845,29938,58783
5호선,영등포구청,3940,3857,7797,4641,4512,9153,4644,4490,9134,4929,4888,9817,4929,4888,9817,4576,4493,9069,4767,4718,9485,4328,4236,8564,4930,4850,9780,4275,4202,8477,4824,4741,9565,4892,4784,9676
5호선,영등포시장,10225,10282,20507,11933,12048,23981,11962,12015,23977,12443,12480,24923,12443,12480,24923,11561,11640,23201,11685,11731,23416,10966,10892,21858,12156,12193,24349,10799,10885,21684,12166,12201,24367,12393,12494,24887
5호선,오금,3011,3010,6021,3501,3475,6976,3571,3612,7183,3785,3843,7628,3785,3843,7628,3486,3536,7022,3608,3668,7276,3266,3311,6577,3768,3810,7578,3211,3241,6452,3610,3644,7254,3651,3702,7353
5호선,오목교(목동운동장앞),18054,18851,36905,21010,21918,42928,20866,21885,42751,21392,22522,43914,21392,22522,43914,19713,20741,40454,20747,21850,42597,19232,20294,39526,21349,22729,44078,18745,19939,38684,20849,22055,42904,21419,22688,44107
5호선,올림픽공원(한국체대),4189,3537,7726,4989,4304,9293,5717,5109,10826,5714,5109,10823,5714,5109,10823,5394,4836,10230,5358,4811,10169,5156,4752,9908,5460,4780,10240,5453,5018,10471,5985,5293,11278,5681,4892,10573
5호선,왕십리(성동구청),4021,4674,8695,4582,5284,9866,4510,5103,9613,4581,5014,9595,4581,5014,9595,4266,4778,9044,4420,5003,9423,4194,4885,9079,4606,5295,9901,4149,4817,8966,4615,5264,9879,4833,5582,10415
5호선,우장산,12346,12398,24744,14039,14156,28195,14526,14485,29011,15190,15110,30300,15190,15110,30300,14213,14132,28345,14386,14356,28742,13382,13366,26748,15191,15122,30313,13572,13554,27126,14716,14718,29434,14936,14926,29862
5호선,을지로4가,5271,5177,10448,6103,6090,12193,6308,6322,12630,6738,6717,13455,6738,6717,13455,6141,6207,12348,6318,6296,12614,5670,5635,11305,6671,6656,13327,6000,5929,11929,6598,6482,13080,6644,6701,13345
5호선,장한평,16378,16210,32588,18933,18783,37716,18938,18687,37625,19747,19514,39261,19747,19514,39261,18419,18092,36511,18885,18685,37570,17451,17162,34613,19585,19242,38827,17416,17120,34536,19294,18931,38225,19714,19522,39236
5호선,종로3가,13269,13493,26762,15097,15120,30217,16435,16280,32715,17596,17806,35402,17596,17806,35402,15875,16132,32007,14877,14931,29808,14209,14399,28608,15624,16142,31766,15568,16079,31647,16058,16198,32256,15904,15903,31807
5호선,천호(풍납토성),17662,17118,34780,19844,19239,39083,20032,19506,39538,20307,19964,40271,20307,19964,40271,19821,19351,39172,20104,19474,39578,19148,18527,37675,20306,19871,40177,18825,18326,37151,20550,19998,40548,21301,20417,41718
5호선,청구,3066,3007,6073,3552,3459,7011,3636,3470,7106,3769,3576,7345,3769,3576,7345,3425,3257,6682,3399,3260,6659,3067,2960,6027,3489,3279,6768,3052,2950,6002,3390,3225,6615,3394,3267,6661
5호선,충정로(경기대입구),3982,3991,7973,4696,4764,9460,4595,4683,9278,4925,5003,9928,4925,5003,9928,4340,4448,8788,4684,4772,9456,4159,4182,8341,4873,4970,9843,4108,4216,8324,4682,4790,9472,4820,4959,9779
5호선,행당,6817,6084,12901,7741,6963,14704,7761,6925,14686,8152,7279,15431,8152,7279,15431,7593,6795,14388,7685,6912,14597,7117,6374,13491,8064,7239,15303,7161,6363,13524,7891,7057,14948,8002,7149,15151
5호선,화곡,24054,22504,46558,27405,25681,53086,27602,25820,53422,28762,26841,55603,28762,26841,55603,26983,25128,52111,27297,25486,52783,25359,23581,48940,28493,26429,54922,25719,23906,49625,28108,26181,54289,28633,26724,55357
6호선,고려대(종암),6739,6444,13183,7928,7682,15610,9235,8929,18164,9691,9207,18898,9691,9207,18898,8531,8072,16603,8078,7662,15740,7407,7001,14408,9722,9266,18988,8447,7987,16434,9655,9210,18865,8932,8527,17459
6호선,공덕,16230,15595,31825,18282,17666,35948,18290,17766,36056,19332,18878,38210,19332,18878,38210,17587,17123,34710,18286,17750,36036,16749,16209,32958,19153,18501,37654,16511,16092,32603,18594,17987,36581,18853,18289,37142
6호선,광흥창(서강),7815,7513,15328,9178,8880,18058,9244,8879,18123,9839,9419,19258,9839,9419,19258,9137,8732,17869,9446,9063,18509,8767,8340,17107,9971,9434,19405,8587,8168,16755,9566,9045,18611,9503,9107,18610
6호선,구산,6947,5387,12334,7906,6121,14027,8137,6172,14309,8510,6463,14973,8510,6463,14973,7992,6127,14119,8063,6345,14408,7464,5892,13356,8370,6494,14864,7472,5779,13251,8114,6242,14356,8120,6372,14492
6호선,녹사평(용산구청),4310,4451,8761,4789,4938,9727,5336,5551,10887,5581,5656,11237,5581,5656,11237,5475,5667,11142,5075,5172,10247,4944,5092,10036,5659,5738,11397,5545,5777,11322,5834,5984,11818,5569,5853,11422
6호선,대흥(서강대앞),7340,7685,15025,8347,8750,17097,9550,10050,19600,10056,10565,20621,10056,10565,20621,9134,9565,18699,8813,9198,18011,8163,8509,16672,10367,10871,21238,8814,9153,17967,10007,10462,20469,9583,9967,19550
6호선,독바위,2362,2460,4822,2634,2746,5380,2669,2841,5510,2815,2958,5773,2815,2958,5773,2640,2821,5461,2743,2906,5649,2528,2662,5190,2744,2943,5687,2457,2627,5084,2602,2791,5393,2572,2720,5292
6호선,돌곶이,8486,7840,16326,9726,9093,18819,10061,9354,19415,10836,10113,20949,10836,10113,20949,10784,10022,20806,10976,10191,21167,10577,9794,20371,12034,11104,23138,10698,9878,20576,11961,11056,23017,11912,11067,22979
6호선,동묘앞,7885,7879,15764,8891,8886,17777,9483,9480,18963,9424,9565,18989,9424,9565,18989,8891,8858,17749,8594,8664,17258,8304,8255,16559,9150,9308,18458,8884,8843,17727,9660,9690,19350,9411,9490,18901
6호선,디지털미디어시티,11987,12892,24879,13834,14974,28808,13826,14926,28752,14671,15795,30466,14671,15795,30466,13352,14260,27612,13815,14879,28694,12658,13478,26136,14782,15862,30644,12816,13631,26447,14068,15160,29228,14030,15197,29227
6호선,마포구청,12104,11073,23177,13956,12762,26718,14127,12838,26965,15071,13541,28612,15071,13541,28612,13980,12590,26570,14319,12972,27291,13261,11974,25235,15257,13660,28917,13741,12204,25945,14902,13428,28330,14586,13271,27857
6호선,망원,14292,15283,29575,15921,16980,32901,16429,17520,33949,16847,17974,34821,16847,17974,34821,15822,16853,32675,15549,16522,32071,15375,16418,31793,16328,17485,33813,15569,16561,32130,16659,17702,34361,17064,18227,35291
6호선,버티고개,2435,2249,4684,2079,2166,4245,2187,2203,4390,2387,2503,4890,2387,2503,4890,2109,2127,4236,2138,2138,4276,2005,2016,4021,2314,2259,4573,2044,2033,4077,2277,2227,4504,2231,2137,4368
6호선,보문,6663,6176,12839,7660,7067,14727,8198,7673,15871,8646,8146,16792,8646,8146,16792,7836,7360,15196,7809,7252,15061,7249,6702,13951,8457,7931,16388,7510,7034,14544,8375,7911,16286,8227,7727,15954
6호선,봉화산(서울의료원),7223,6814,14037,8203,7713,15916,8305,7839,16144,8763,8208,16971,8763,8208,16971,8103,7593,15696,8228,7749,15977,7577,7149,14726,8671,8122,16793,7596,7157,14753,8324,7833,16157,8423,7945,16368
6호선,불광,4157,3849,8006,4682,4300,8982,4761,4383,9144,4908,4625,9533,4908,4625,9533,4734,4321,9055,4997,4498,9495,4752,4288,9040,4945,4583,9528,4474,4150,8624,4787,4439,9226,4925,4441,9366
6호선,삼각지,6383,5647,12030,7194,6499,13693,7891,6948,14839,8259,7232,15491,8259,7232,15491,,,0,,,0,,,0,,,0,,,0,,,0,,,0
6호선,삼각지(전쟁기념관),,,0,,,0,,,0,8321,7357,15678,8321,7357,15678,8000,7016,15016,7721,6887,14608,7662,6663,14325,8604,7546,16150,7609,6657,14266,8610,7628,16238,8413,7622,16035
6호선,상수,8791,9810,18601,9710,10910,20620,10833,12161,22994,10878,12168,23046,10878,12168,23046,10109,11271,21380,9959,11062,21021,9731,10926,20657,11170,12545,23715,10250,11388,21638,11019,12279,23298,11243,12670,23913
6호선,상월곡(한국과학기술연구원),5346,4752,10098,6042,5446,11488,6601,6126,12727,6964,6486,13450,6964,6486,13450,6324,5799,12123,6207,5584,11791,5706,5096,10802,6988,6528,13516,6129,5666,11795,6708,6220,12928,6511,5940,12451
6호선,새절(신사),10495,9958,20453,11863,11183,23046,12459,11758,24217,13256,12540,25796,13256,12540,25796,12056,11332,23388,12015,11252,23267,11111,10414,21525,12835,12038,24873,11509,10822,22331,12529,11809,24338,12484,11761,24245
6호선,석계,10476,10627,21103,11656,11896,23552,12333,12629,24962,12825,13049,25874,12825,13049,25874,11912,12095,24007,11825,11940,23765,11102,11149,22251,12842,13067,25909,11377,11582,22959,12596,12856,25452,12591,12796,25387
6호선,신내,1,0,1,1,0,1,1,0,1,2,0,2,2,0,2,1,0,1,1,0,1,1,0,1,1,0,1,1,0,1,1,0,1,2,0,2
6호선,신당,7417,7433,14850,8119,8220,16339,8226,8362,16588,8360,8558,16918,8360,8558,16918,8168,8364,16532,8519,8744,17263,7641,7755,15396,8541,8868,17409,7485,7494,14979,8291,8368,16659,9210,9250,18460
6호선,안암(고대병원앞),9098,9022,18120,10963,10931,21894,14573,14721,29294,14546,14677,29223,14546,14677,29223,12360,12360,24720,11096,10790,21886,9762,9593,19355,15353,15338,30691,12141,12017,24158,14537,14389,28926,13369,13114,26483
6호선,약수,3394,3264,6658,3558,3544,7102,3738,3656,7394,3928,3759,7687,3928,3759,7687,3835,3560,7395,3686,3604,7290,3422,3320,6742,3872,3750,7622,3391,3305,6696,3769,3646,7415,3708,3678,7386
6호선,역촌,3186,3748,6934,3651,4287,7938,3724,4417,8141,3839,4574,8413,3839,4574,8413,3675,4328,8003,3895,4536,8431,3703,4229,7932,3979,4669,8648,3558,4158,7716,3838,4507,8345,3880,4548,8428
6호선,연신내,2,0,2,2,0,2,3,0,3,3,0,3,3,0,3,3,0,3,2,0,2,3,0,3,3,0,3,2,0,2,3,0,3,3,0,3
6호선,월곡(동덕여대),9545,9410,18955,10912,10763,21675,12315,11955,24270,12792,12321,25113,12792,12321,25113,11286,10927,22213,10920,10678,21598,10051,9845,19896,12503,12044,24547,10955,10494,21449,12135,11635,23770,11751,11366,23117
6호선,월드컵경기장(성산),3841,3930,7771,4527,4812,9339,5324,5535,10859,5936,6038,11974,5936,6038,11974,5669,6005,11674,5530,6020,11550,5675,6230,11905,7093,7954,15047,8348,9199,17547,6669,7549,14218,4902,4991,9893
6호선,응암,15170,15024,30194,16965,16893,33858,17459,17353,34812,18620,18505,37125,18620,18505,37125,17106,16954,34060,17089,16961,34050,15896,15777,31673,18134,17975,36109,16560,16345,32905,17829,17598,35427,17890,17714,35604
6호선,이태원,10669,11213,21882,10719,11767,22486,12214,13306,25520,12285,13779,26064,12285,13779,26064,12177,13509,25686,11376,12779,24155,11826,13615,25441,12510,14044,26554,12498,14352,26850,12975,14274,27249,12585,14148,26733
6호선,증산(명지대앞),8078,8050,16128,8985,8995,17980,9390,9404,18794,9836,9904,19740,9836,9904,19740,9081,9001,18082,9017,8886,17903,8393,8242,16635,9463,9355,18818,8585,8505,17090,9292,9186,18478,9284,9191,18475
6호선,창신,2917,2414,5331,3238,2678,5916,3587,3100,6687,3879,3332,7211,3879,3332,7211,3425,2890,6315,3376,2741,6117,3094,2473,5567,3776,3180,6956,3278,2767,6045,3648,3061,6709,3569,2984,6553
6호선,청구,3266,3095,6361,3679,3584,7263,3742,3674,7416,3933,3911,7844,3933,3911,7844,3636,3553,7189,3663,3579,7242,3375,3257,6632,3785,3725,7510,3433,3279,6712,3755,3654,7409,3749,3672,7421
6호선,태릉입구,4913,5162,10075,5599,5872,11471,5947,6553,12500,6109,6806,12915,6109,6806,12915,5920,6552,12472,5625,6025,11650,5347,5678,11025,6059,6755,12814,5423,5993,11416,6008,6613,12621,5915,6354,12269
6호선,한강진,14545,16107,30652,9524,11052,20576,11119,13060,24179,10662,12292,22954,10662,12292,22954,8842,10703,19545,9083,10842,19925,9321,11036,20357,10611,12426,23037,9204,11054,20258,9968,12011,21979,10217,12196,22413
6호선,합정,12141,11829,23970,13693,13395,27088,14139,13938,28077,14285,14137,28422,14285,14137,28422,13274,13131,26405,13671,13577,27248,13107,12841,25948,14035,13759,27794,12881,12596,25477,13812,13640,27452,14177,14124,28301
6호선,화랑대(서울여대입구),9136,7429,16565,10422,8535,18957,11792,9694,21486,12429,10207,22636,12429,10207,22636,10923,8940,19863,10391,8484,18875,9630,8088,17718,12199,10058,22257,10513,8676,19189,11912,9881,21793,11381,9378,20759
6호선,효창공원앞,6184,5541,11725,7037,6384,13421,7607,7140,14747,8052,7501,15553,8052,7501,15553,7295,6643,13938,7093,6383,13476,6567,5814,12381,8038,7379,15417,7217,6593,13810,7993,7387,15380,7564,6940,14504
7호선,가산디지털단지,33257,32997,66254,39990,39834,79824,37936,37664,75600,41760,41589,83349,41760,41589,83349,37508,37218,74726,40864,40618,81482,35238,34955,70193,40654,40548,81202,34394,33949,68343,38871,38687,77558,39569,39282,78851
7호선,강남구청,12908,14317,27225,15579,17217,32796,15015,16589,31604,16001,17643,33644,16001,17643,33644,14523,16148,30671,15418,17133,32551,14018,15603,29621,16200,17908,34108,13741,15216,28957,15596,17353,32949,15727,17588,33315
7호선,건대입구,11615,12143,23758,13128,13694,26822,14448,14999,29447,14480,14948,29428,14480,14948,29428,13390,13768,27158,13573,13782,27355,12691,13010,25701,14685,15105,29790,12672,13411,26083,14329,14997,29326,15077,15616,30693
7호선,고속터미널,16718,12833,29551,17687,14218,31905,17578,14390,31968,18388,14997,33385,18388,14997,33385,17617,14175,31792,17680,14394,32074,17616,13941,31557,18128,14973,33101,17571,13773,31344,19042,15268,34310,19030,15851,34881
7호선,공릉(서울과학기술대),10298,10206,20504,11562,11501,23063,12837,12524,25361,12990,12689,25679,12990,12689,25679,12243,12064,24307,11533,11329,22862,10790,10662,21452,12780,12551,25331,11327,11109,22436,12808,12504,25312,12503,12269,24772
7호선,군자(능동),12914,10287,23201,14605,11640,26245,14807,11687,26494,15291,12034,27325,15291,12034,27325,14452,11461,25913,14749,11794,26543,13866,11045,24911,15288,12101,27389,13856,10953,24809,15241,11956,27197,15475,12181,27656
7호선,남구로,12417,12912,25329,14228,14859,29087,14075,14686,28761,14883,15570,30453,14883,15570,30453,13837,14428,28265,14319,15038,29357,13114,13692,26806,14691,15456,30147,12989,13601,26590,14113,14921,29034,14235,15079,29314
7호선,남성,9448,9052,18500,10693,10255,20948,11056,10634,21690,11554,11109,22663,11554,11109,22663,10753,10336,21089,10752,10291,21043,10134,9691,19825,11534,11094,22628,10198,9781,19979,11263,10808,22071,11178,10715,21893
7호선,내방,12010,12133,24143,13887,14038,27925,13785,13873,27658,14665,14747,29412,14665,14747,29412,13360,13385,26745,13849,13920,27769,12622,12649,25271,14600,14627,29227,12571,12486,25057,14131,14117,28248,14359,14446,28805
7호선,노원,17693,18487,36180,20059,20791,40850,19810,20681,40491,20107,21151,41258,20107,21151,41258,19288,20363,39651,20020,21030,41050,18674,19615,38289,20171,21293,41464,18155,19313,37468,19883,20977,40860,21194,22156,43350
7호선,논현,15314,16047,31361,17893,18695,36588,17337,18045,35382,18473,19192,37665,18473,19192,37665,17031,17645,34676,17991,18675,36666,16506,17090,33596,18665,19349,38014,15993,16732,32725,18026,18803,36829,18448,19430,37878
7호선,대림(구로구청),8789,8899,17688,8891,9015,17906,9408,9385,18793,9276,9275,18551,9276,9275,18551,9149,9203,18352,8892,8978,17870,8736,8757,17493,9123,9140,18263,9096,9104,18200,9284,9286,18570,9446,9511,18957
7호선,도봉산,7114,8495,15609,7987,9514,17501,8708,10489,19197,9285,10997,20282,9285,10997,20282,8602,10317,18919,8213,9706,17919,7747,9342,17089,9318,10864,20182,8399,9993,18392,9679,10866,20545,8659,10146,18805
7호선,마들,11388,10846,22234,12824,12259,25083,12962,12258,25220,13623,12898,26521,13623,12898,26521,12696,12034,24730,12876,12259,25135,12025,11343,23368,13399,12632,26031,12068,11344,23412,13125,12345,25470,13300,12509,25809
7호선,먹골,8704,8672,17376,9865,9867,19732,9946,9884,19830,10347,10247,20594,10347,10247,20594,9759,9647,19406,9899,9900,19799,9296,9246,18542,10274,10185,20459,9324,9201,18525,10091,9981,20072,10320,10248,20568
7호선,면목,12341,11683,24024,13956,13467,27423,14999,14329,29328,15677,15047,30724,15677,15047,30724,14277,13750,28027,13869,13469,27338,13040,12644,25684,15417,14845,30262,13728,13176,26904,14844,14247,29091,14721,14264,28985
7호선,반포,5363,5096,10459,6221,5889,12110,6359,6014,12373,6663,6334,12997,6663,6334,12997,6297,5994,12291,6568,6317,12885,6189,5926,12115,7111,6814,13925,6271,6017,12288,6936,6592,13528,6945,6673,13618
7호선,보라매,5578,5821,11399,6483,6778,13261,6623,6931,13554,6934,7276,14210,6934,7276,14210,6745,7115,13860,6423,6712,13135,5929,6141,12070,6797,7095,13892,5952,6191,12143,6666,6923,13589,6630,6908,13538
7호선,사가정,13776,13971,27747,15455,15594,31049,15801,16008,31809,16384,16621,33005,16384,16621,33005,15347,15452,30799,15254,15302,30556,14347,14377,28724,16114,16368,32482,14599,14733,29332,15890,16162,32052,16010,16105,32115
7호선,상도,9702,9376,19078,10922,10680,21602,12444,12355,24799,12936,12804,25740,12936,12804,25740,11732,11469,23201,11136,10784,21920,10479,10046,20525,13076,12849,25925,11185,10852,22037,12781,12447,25228,12130,11775,23905
7호선,상봉,15287,14842,30129,17223,16628,33851,17288,16726,34014,17904,17266,35170,17904,17266,35170,16673,16061,32734,16722,16102,32824,15934,15407,31341,17590,17028,34618,16118,15713,31831,17981,17493,35474,18158,17889,36047
7호선,수락산,10743,10589,21332,11980,11873,23853,12450,12194,24644,12793,12516,25309,12793,12516,25309,12290,12032,24322,12319,12251,24570,11721,11717,23438,12718,12649,25367,11610,11510,23120,12553,12481,25034,12802,12715,25517
7호선,숭실대입구(살피재),9983,10039,20022,11275,11443,22718,15284,15409,30693,15864,15868,31732,15864,15868,31732,12922,12977,25899,11444,11474,22918,10825,10851,21676,15485,15534,31019,12989,12902,25891,14718,14619,29337,13309,13250,26559
7호선,신대방삼거리,12534,12164,24698,14252,13806,28058,14634,14032,28666,15346,14704,30050,15346,14704,30050,14291,13685,27976,14467,13899,28366,13606,13057,26663,15270,14595,29865,13559,13007,26566,14922,14321,29243,14849,14299,29148
7호선,신풍,9810,9236,19046,11225,10619,21844,11429,10710,22139,11982,11293,23275,11982,11293,23275,11140,10479,21619,11288,10657,21945,10549,9962,20511,12017,11323,23340,10691,10100,20791,11864,11203,23067,11990,11360,23350
7호선,어린이대공원(세종대),11188,10963,22151,13110,13091,26201,17964,18422,36386,19608,20175,39783,19608,20175,39783,16078,16277,32355,13210,13016,26226,12468,12189,24657,18526,18976,37502,15885,16046,31931,17845,18108,35953,16235,16324,32559
7호선,온수(성공회대입구),7691,7122,14813,8871,8191,17062,9913,9222,19135,10623,9841,20464,10623,9841,20464,9465,8733,18198,9142,8280,17422,8450,7704,16154,10340,9499,19839,8890,8248,17138,9794,9061,18855,9546,8749,18295
7호선,용마산(용마폭포공원),4835,4766,9601,5430,5350,10780,5568,5535,11103,5848,5759,11607,5848,5759,11607,5502,5485,10987,5484,5417,10901,5135,5082,10217,5946,5874,11820,5360,5342,10702,5749,5721,11470,5667,5604,11271
7호선,이수,14294,13808,28102,16397,15840,32237,16640,16094,32734,17277,16688,33965,17277,16688,33965,16226,15674,31900,16617,16181,32798,15541,15114,30655,17036,16624,33660,15092,14704,29796,16763,16302,33065,17288,16772,34060
7호선,장승배기,7839,7632,15471,8990,8720,17710,8983,8735,17718,9397,9128,18525,9397,9128,18525,8807,8548,17355,9276,9051,18327,8682,8487,17169,9814,9549,19363,8599,8429,17028,9496,9264,18760,9614,9392,19006
7호선,중계,12030,11055,23085,13741,12741,26482,14285,13270,27555,15151,14037,29188,15151,14037,29188,14065,13004,27069,13961,12945,26906,12816,11849,24665,14978,13895,28873,13214,12218,25432,14669,13580,28249,14571,13470,28041
7호선,중곡,9035,8653,17688,10337,9875,20212,10524,9917,20441,11109,10409,21518,11109,10409,21518,10315,9707,20022,10535,9946,20481,9721,9222,18943,11112,10364,21476,9926,9299,19225,11027,10336,21363,11083,10474,21557
7호선,중화,8944,8770,17714,10177,10000,20177,10357,10211,20568,10874,10747,21621,10874,10747,21621,10143,9949,20092,10250,10073,20323,9666,9484,19150,10957,10842,21799,10018,9813,19831,10897,10736,21633,11078,10996,22074
7호선,천왕,9522,9164,18686,10838,10405,21243,11068,10672,21740,11753,11317,23070,11753,11317,23070,10990,10611,21601,11202,10811,22013,10239,9881,20120,11779,11416,23195,10529,10189,20718,11568,11203,22771,11625,11259,22884
7호선,청담,14663,15901,30564,17494,18937,36431,17296,18702,35998,18420,19893,38313,18420,19893,38313,16780,18032,34812,17388,18772,36160,15784,16896,32680,18286,19567,37853,15301,16461,31762,17594,19066,36660,17835,19532,37367
7호선,태릉입구,7015,6584,13599,7936,7451,15387,8790,8288,17078,9125,8603,17728,9125,8603,17728,8603,8134,16737,7989,7488,15477,7600,7135,14735,9011,8511,17522,8046,7558,15604,8834,8376,17210,8709,8260,16969
7호선,하계,15120,14206,29326,17363,16357,33720,17912,16898,34810,18802,17691,36493,18802,17691,36493,17208,16111,33319,17145,16079,33224,15840,14790,30630,18290,17173,35463,16287,15267,31554,18311,17205,35516,18304,17134,35438
7호선,학동,18369,18938,37307,22145,22827,44972,20874,21635,42509,22275,23163,45438,22275,23163,45438,20076,20779,40855,21522,22105,43627,19157,19675,38832,22121,22822,44943,18398,18931,37329,21341,22074,43415,21875,22764,44639
8호선,가락시장,7588,8417,16005,8333,9113,17446,8181,8993,17174,8509,9352,17861,8509,9352,17861,7872,8638,16510,7977,8723,16700,7397,8119,15516,8624,9480,18104,7600,8374,15974,8611,9451,18062,9135,10084,19219
8호선,강동구청,8986,9234,18220,10328,10630,20958,10248,10507,20755,10779,11008,21787,10779,11008,21787,9959,10127,20086,10145,10428,20573,9249,9464,18713,10459,10698,21157,9256,9383,18639,10330,10506,20836,10716,10976,21692
8호선,몽촌토성(평화의문),6274,6419,12693,7183,7324,14507,7150,7266,14416,7852,7940,15792,7852,7940,15792,7102,7286,14388,7041,7212,14253,6574,6721,13295,7366,7582,14948,6668,6896,13564,7668,7872,15540,7539,7799,15338
8호선,문정,17778,18467,36245,21739,22599,44338,20567,21441,42008,22171,23172,45343,22171,23172,45343,19870,20708,40578,21462,22302,43764,18969,19666,38635,21813,22743,44556,18156,18841,36997,20892,21691,42583,21500,22319,43819
8호선,복정,7796,6645,14441,9030,7689,16719,9735,8339,18074,10458,8949,19407,10458,8949,19407,9263,8055,17318,9034,7754,16788,8447,7255,15702,10005,8554,18559,8704,7434,16138,9849,8386,18235,9566,8175,17741
8호선,석촌,7686,8840,16526,8850,10101,18951,8614,10035,18649,9366,11189,20555,9366,11189,20555,8306,9527,17833,8450,9643,18093,7969,9203,17172,8484,9743,18227,7900,9140,17040,8860,10245,19105,9346,10705,20051
8호선,송파,8268,8180,16448,9386,9312,18698,9428,9311,18739,9830,9697,19527,9830,9697,19527,9271,9093,18364,9531,9415,18946,8835,8669,17504,9783,9602,19385,8686,8540,17226,9627,9479,19106,10074,9969,20043
8호선,암사,14257,13261,27518,16068,14940,31008,16014,14804,30818,16699,15394,32093,16699,15394,32093,15498,14373,29871,15676,14619,30295,14624,13628,28252,16128,14933,31061,14620,13565,28185,15736,14617,30353,16082,14943,31025
8호선,암사역사공원,4871,4327,9198,5713,5032,10745,5954,5241,11195,6608,5830,12438,6608,5830,12438,6277,5543,11820,6392,5575,11967,5917,5153,11070,6854,5975,12829,6284,5570,11854,6734,5851,12585,6807,5927,12734
8호선,잠실(송파구청),17202,19555,36757,19128,21879,41007,18617,21301,39918,20307,23072,43379,20307,23072,43379,18190,20731,38921,19604,22281,41885,18312,20860,39172,18585,21392,39977,18065,20999,39064,19578,22661,42239,22760,26192,48952
8호선,장지,14799,13653,28452,16972,15629,32601,16883,15490,32373,17580,16134,33714,17580,16134,33714,16237,14969,31206,16826,15587,32413,15437,14334,29771,16957,15715,32672,15331,14229,29560,17084,15775,32859,17448,16131,33579
8호선,천호(풍납토성),15267,17228,32495,17186,19413,36599,17109,19320,36429,17635,19854,37489,17635,19854,37489,16803,18950,35753,17216,19362,36578,16180,18215,34395,17471,19655,37126,16009,18117,34126,17563,19863,37426,18267,20852,39119
9호선,가양,18812,18520,37332,21405,21089,42494,21555,21171,42726,22614,22083,44697,22614,22083,44697,21122,20661,41783,21455,21038,42493,19974,19505,39479,22560,22028,44588,19997,19636,39633,22045,21598,43643,21871,21437,43308
9호선,개화,2115,1459,3574,2405,1645,4050,2505,1757,4262,2681,1855,4536,2681,1855,4536,2448,1724,4172,2499,1697,4196,2298,1606,3904,2642,1823,4465,2319,1650,3969,2528,1763,4291,2396,1654,4050
9호선,고속터미널,13541,19022,32563,15079,20707,35786,15183,20906,36089,16016,21489,37505,16016,21489,37505,16281,21644,37925,15987,21568,37555,15678,21568,37246,16287,21561,37848,15384,20843,36227,16345,22307,38652,16303,22815,39118
9호선,공항시장,2659,2857,5516,2984,3211,6195,2966,3158,6124,3053,3257,6310,3053,3257,6310,2815,2990,5805,2866,3075,5941,2679,2875,5554,2880,3093,5973,2591,2763,5354,2746,2968,5714,2783,2995,5778
9호선,구반포,1313,1263,2576,1571,1493,3064,1659,1554,3213,1872,1730,3602,1872,1730,3602,1853,1710,3563,1896,1710,3606,1584,1430,3014,2041,1816,3857,1691,1514,3205,1999,1779,3778,2001,1792,3793
9호선,국회의사당,13606,13760,27366,16403,16725,33128,15766,16054,31820,19305,19730,39035,19305,19730,39035,15234,15643,30877,17057,17250,34307,14958,15291,30249,17801,17782,35583,13825,14108,27933,16574,16797,33371,17284,17370,34654
9호선,김포공항,5645,9729,15374,5992,9825,15817,5844,10143,15987,5972,9816,15788,5972,9816,15788,6130,10472,16602,6678,11429,18107,6298,10948,17246,6245,11418,17663,5959,11004,16963,6387,11851,18238,6721,12480,19201
9호선,노들,4089,3423,7512,4589,3846,8435,5027,4264,9291,5558,4769,10327,5558,4769,10327,5095,4300,9395,4959,4174,9133,4836,4074,8910,5945,5155,11100,5066,4399,9465,5081,4322,9403,4818,4049,8867
9호선,노량진,23523,23301,46824,25139,24884,50023,25752,25749,51501,27136,26999,54135,27136,26999,54135,25048,24845,49893,25426,25170,50596,24109,23850,47959,27655,27524,55179,24997,24807,49804,27905,27673,55578,28965,28287,57252
9호선,당산,15961,15502,31463,18438,17924,36362,18322,17819,36141,19388,18836,38224,19388,18836,38224,17957,17446,35403,18861,18265,37126,17451,16830,34281,19466,18929,38395,16729,16142,32871,18890,18287,37177,19335,18750,38085
9호선,동작(현충원),1693,1455,3148,1665,1417,3082,1853,1621,3474,2416,2124,4540,2416,2124,4540,2742,2480,5222,1740,1483,3223,1688,1446,3134,2020,1737,3757,2069,1835,3904,2036,1787,3823,1993,1732,3725
9호선,등촌,10532,10206,20738,12084,11698,23782,11953,11498,23451,12653,12092,24745,12653,12092,24745,11802,11369,23171,12574,12167,24741,11562,11242,22804,12811,12363,25174,11285,10879,22164,12415,11945,24360,12562,12099,24661
9호선,마곡나루(서울식물원),11764,11511,23275,14110,13790,27900,14166,13911,28077,15028,14690,29718,15028,14690,29718,13748,13512,27260,14265,13856,28121,13361,13050,26411,15501,15159,30660,13339,13022,26361,14937,14441,29378,15622,15104,30726
9호선,사평,3353,3246,6599,3862,3754,7616,3964,3838,7802,4173,4036,8209,4173,4036,8209,3988,3840,7828,4265,4147,8412,3814,3699,7513,4281,4155,8436,3756,3652,7408,4174,4018,8192,4360,4195,8555
9호선,샛강,5199,5185,10384,6245,6220,12465,6053,5976,12029,6633,6561,13194,6633,6561,13194,6002,5964,11966,6371,6333,12704,5646,5629,11275,7053,6690,13743,5455,5360,10815,6204,6096,12300,6443,6397,12840
9호선,선유도,7091,6607,13698,8473,7899,16372,8226,7624,15850,9040,8356,17396,9040,8356,17396,8261,7674,15935,8731,8110,16841,7872,7310,15182,9057,8358,17415,7755,7150,14905,8568,7866,16434,8747,8120,16867
9호선,신논현,27987,28327,56314,31839,32227,64066,30794,31096,61890,31481,31633,63114,31481,31633,63114,29461,29849,59310,31283,31740,63023,29680,30123,59803,31380,31692,63072,28038,28335,56373,31410,31892,63302,32861,33488,66349
9호선,신목동,3756,3355,7111,4274,3805,8079,4289,3819,8108,4664,4144,8808,4664,4144,8808,4342,3862,8204,4394,3921,8315,4038,3597,7635,4722,4175,8897,4062,3630,7692,4536,4044,8580,4491,3986,8477
9호선,신반포,3588,3487,7075,4111,4002,8113,4428,4259,8687,4720,4591,9311,4720,4591,9311,4590,4422,9012,4624,4434,9058,4242,4147,8389,5075,4913,9988,4514,4372,8886,4900,4705,9605,4849,4617,9466
9호선,신방화,6026,5912,11938,6760,6651,13411,6856,6698,13554,7091,6955,14046,7091,6955,14046,6576,6449,13025,6813,6727,13540,6305,6185,12490,7009,6932,13941,6201,6125,12326,6755,6680,13435,6892,6819,13711
9호선,양천향교,8466,8626,17092,9816,10055,19871,9945,10138,20083,10563,10765,21328,10563,10765,21328,9682,9859,19541,10207,10432,20639,9506,9726,19232,10938,11247,22185,9366,9567,18933,10467,10679,21146,10573,10796,21369
9호선,여의도,24461,23237,47698,29582,28080,57662,28658,27569,56227,30350,29339,59689,30350,29339,59689,27069,26162,53231,30866,29224,60090,27532,26139,53671,30894,29463,60357,25596,24373,49969,29691,27967,57658,30774,29070,59844
9호선,염창,15071,14474,29545,17147,16472,33619,17255,16488,33743,18132,17339,35471,18132,17339,35471,16868,16072,32940,17316,16443,33759,16123,15305,31428,17984,17119,35103,16038,15319,31357,17816,16982,34798,18008,17192,35200
9호선,증미,6513,6273,12786,7654,7411,15065,7369,7107,14476,7875,7615,15490,7875,7615,15490,7216,6985,14201,7770,7560,15330,7022,6787,13809,7967,7702,15669,6792,6515,13307,7574,7283,14857,7642,7371,15013
9호선,흑석(중앙대입구),7365,7535,14900,8264,8582,16846,10083,10227,20310,10421,10631,21052,10421,10631,21052,9129,9371,18500,8287,8638,16925,7595,7911,15506,10283,10458,20741,8731,8813,17544,10074,10173,20247,9497,9726,19223
9호선2~3단계,둔촌오륜,2325,2278,4603,3447,3343,6790,4001,3859,7860,4396,4227,8623,4396,4227,8623,4264,4203,8467,4487,4439,8926,4113,4042,8155,4654,4533,9187,3986,3913,7899,4499,4424,8923,4617,4519,9136
9호선2~3단계,봉은사,17154,17856,35010,20735,21543,42278,21042,22173,43215,22836,24159,46995,22836,24159,46995,21394,22448,43842,23566,24597,48163,21464,22254,43718,22297,23318,45615,20116,19937,40053,23354,25070,48424,24350,26686,51036
9호선2~3단계,삼성중앙,6235,6496,12731,7548,7876,15424,7272,7553,14825,7821,8030,15851,7821,8030,15851,7142,7387,14529,7837,8155,15992,7016,7256,14272,8044,8264,16308,6669,6879,13548,7579,7851,15430,7905,8185,16090
9호선2~3단계,삼전,7101,6749,13850,8155,7786,15941,7986,7520,15506,8350,7879,16229,8350,7879,16229,7901,7494,15395,8239,7827,16066,7734,7324,15058,8476,8014,16490,7513,7060,14573,8388,7846,16234,8437,8010,16447
9호선2~3단계,석촌,8195,7322,15517,9408,8471,17879,9477,8469,17946,10325,9499,19824,10325,9499,19824,9272,8328,17600,9482,8510,17992,9029,8054,17083,9770,8785,18555,8812,7900,16712,9925,9003,18928,10027,9064,19091
9호선2~3단계,석촌고분,6218,6090,12308,7169,7058,14227,7142,6946,14088,7596,7457,15053,7596,7457,15053,6947,6744,13691,7243,7110,14353,6769,6616,13385,7411,7188,14599,6606,6389,12995,7426,7165,14591,7562,7398,14960
9호선2~3단계,선정릉,8048,8642,16690,9728,10451,20179,9380,10182,19562,10148,10976,21124,10148,10976,21124,9202,9950,19152,9843,10589,20432,8807,9406,18213,10061,10829,20890,8473,9192,17665,9787,10622,20409,9758,10595,20353
9호선2~3단계,송파나루,5078,5373,10451,5868,6246,12114,5741,6072,11813,6126,6459,12585,6126,6459,12585,5580,5991,11571,6013,6496,12509,5698,6174,11872,5977,6459,12436,5367,5672,11039,5994,6332,12326,6420,6835,13255
9호선2~3단계,언주,9425,9503,18928,11306,11428,22734,10673,10853,21526,11300,11449,22749,11300,11449,22749,10407,10486,20893,11425,11446,22871,10344,10343,20687,11500,11575,23075,9638,9662,19300,11132,11229,22361,11444,11544,22988
9호선2~3단계,올림픽공원(한국체대),6893,7008,13901,8441,8552,16993,9093,9247,18340,9067,9312,18379,9067,9312,18379,9091,9251,18342,9240,9345,18585,9116,9142,18258,8929,9167,18096,9326,9584,18910,10111,10590,20701,9339,9870,19209
9호선2~3단계,종합운동장,4223,4215,8438,4907,4908,9815,5368,5122,10490,5627,5531,11158,5627,5531,11158,5521,5377,10898,5754,5680,11434,5049,5136,10185,5494,5394,10888,4848,4765,9613,5904,5445,11349,5565,5477,11042
9호선2~3단계,중앙보훈병원,10151,8950,19101,11982,10515,22497,11673,10252,21925,12409,10972,23381,12409,10972,23381,11836,10423,22259,12704,11098,23802,11567,10094,21661,13065,11342,24407,11114,9646,20760,12414,10790,23204,12643,10922,23565
9호선2~3단계,한성백제,2665,2374,5039,3062,2749,5811,3079,2733,5812,3366,2958,6324,3366,2958,6324,3153,2787,5940,3228,2925,6153,3088,2778,5866,3387,3002,6389,3099,2689,5788,3767,3114,6881,3364,2995,6359
경부선,가산디지털단지,14415,16078,30493,17126,19006,36132,16503,18655,35158,17508,19885,37393,17508,19885,37393,15620,18118,33738,16340,19006,35346,14381,16797,31178,16469,19349,35818,13795,16333,30128,15626,18280,33906,15543,18257,33800
경부선,구로,14801,15093,29894,16682,17014,33696,17229,17697,34926,17771,18156,35927,17771,18156,35927,16851,17292,34143,16591,16929,33520,15362,15661,31023,17323,17652,34975,15554,15826,31380,17272,17532,34804,17228,17584,34812
경부선,금천구청,8929,9138,18067,10148,10405,20553,10612,10779,21391,11199,11480,22679,11199,11480,22679,10294,10422,20716,9843,10003,19846,9103,9286,18389,10652,10843,21495,9716,9893,19609,10654,10870,21524,10487,10726,21213
경부선,남영,7662,8026,15688,8731,9148,17879,9370,9976,19346,9598,10247,19845,9598,10247,19845,8891,9406,18297,8667,9071,17738,8321,8744,17065,9707,10332,20039,8545,9099,17644,9606,10289,19895,9493,9998,19491
경부선,노량진,8425,8662,17087,8221,8453,16674,9036,8958,17994,9185,9087,18272,9185,9087,18272,8501,8353,16854,7751,7679,15430,7789,7572,15361,10061,10261,20322,9278,9296,18574,10267,10468,20735,10399,11314,21713
경부선,대방,8282,9221,17503,9502,10644,20146,9955,11217,21172,10539,11811,22350,10539,11811,22350,9620,10791,20411,9605,10689,20294,8790,9765,18555,10725,11816,22541,9001,10168,19169,10128,11492,21620,9984,11415,21399
경부선,독산,13561,13770,27331,15642,15939,31581,15708,15869,31577,16709,16830,33539,16709,16830,33539,15165,15237,30402,15468,15672,31140,14107,14176,28283,16361,16440,32801,14261,14224,28485,15766,15771,31537,15677,15806,31483
경부선,서울역,9573,3607,13180,10443,3975,14418,10015,3804,13819,10186,3943,14129,10186,3943,14129,10047,3776,13823,9745,3827,13572,11208,4091,15299,10794,4014,14808,10904,3986,14890,12285,4331,16616,11866,4209,16075
경부선,신길,7211,6386,13597,8139,7324,15463,8461,7627,16088,9053,8281,17334,9053,8281,17334,8240,7386,15626,8125,7274,15399,7605,6778,14383,8824,7759,16583,7807,6929,14736,8677,7718,16395,8453,7512,15965
경부선,신도림,3271,3466,6737,3657,3914,7571,3915,4181,8096,4109,4403,8512,4109,4403,8512,3793,4169,7962,3432,3838,7270,3257,3671,6928,3809,4224,8033,3477,3923,7400,3935,4450,8385,3765,4189,7954
경부선,영등포,37982,38199,76181,41146,41065,82211,41886,41701,83587,42148,41866,84014,42148,41866,84014,41046,41130,82176,41824,42124,83948,40929,41273,82202,42454,42914,85368,40282,40836,81118,43347,43815,87162,45789,46353,92142
경부선,용산,40338,40974,81312,43150,43191,86341,42255,42557,84812,41510,41945,83455,41510,41945,83455,43467,43999,87466,45186,45420,90606,47494,47961,95455,46480,47011,93491,45728,46269,91997,47962,48347,96309,50790,51252,102042
경원선,광운대,6635,6358,12993,7420,7109,14529,9036,8777,17813,9180,8867,18047,9180,8867,18047,8141,7760,15901,7476,7017,14493,7046,6701,13747,9176,8852,18028,8058,7706,15764,9027,8696,17723,8414,8086,16500
경원선,녹천,3628,3080,6708,4052,3418,7470,4274,3594,7868,4454,3740,8194,4454,3740,8194,4248,3573,7821,4179,3502,7681,3902,3271,7173,4443,3779,8222,4025,3400,7425,4382,3725,8107,4275,3630,7905
경원선,도봉,4993,4749,9742,5560,5305,10865,5730,5468,11198,5962,5682,11644,5962,5682,11644,5730,5449,11179,5688,5455,11143,5376,5113,10489,6018,5762,11780,5497,5219,10716,5851,5568,11419,5792,5543,11335
경원선,도봉산,6715,4281,10996,7400,4709,12109,8322,5521,13843,8525,5687,14212,8525,5687,14212,8386,5558,13944,7448,4748,12196,7514,4830,12344,8055,5238,13293,7845,5221,13066,8063,5710,13773,7596,4885,12481
경원선,방학,8387,8121,16508,9378,9125,18503,9831,9501,19332,10193,9831,20024,10193,9831,20024,9780,9402,19182,9446,9141,18587,8924,8659,17583,10193,9928,20121,9506,9225,18731,10118,9818,19936,10001,9756,19757
경원선,서빙고,1859,1776,3635,2074,1995,4069,2293,2192,4485,2464,2354,4818,2464,2354,4818,2380,2222,4602,2200,2056,4256,2129,1993,4122,2504,2296,4800,2275,2160,4435,2549,2453,5002,2414,2340,4754
경원선,석계,6156,6946,13102,6713,7662,14375,7284,8223,15507,7469,8373,15842,7469,8373,15842,7074,7950,15024,6717,7705,14422,6508,7369,13877,7585,8443,16028,7000,7733,14733,7574,8394,15968,7414,8283,15697
경원선,신이문,6970,6490,13460,7668,7222,14890,7955,7460,15415,8312,7754,16066,8312,7754,16066,7931,7417,15348,7856,7359,15215,7388,6928,14316,8319,7804,16123,7691,7213,14904,8302,7803,16105,8228,7727,15955
경원선,옥수,55,35,90,53,36,89,64,43,107,63,44,107,63,44,107,58,40,98,52,35,87,51,35,86,60,42,102,59,41,100,58,44,102,54,38,92
경원선,왕십리(성동구청),14256,14368,28624,15949,15864,31813,17136,16534,33670,16991,16794,33785,16991,16794,33785,16066,16155,32221,16150,16484,32634,15713,15975,31688,17603,17344,34947,15633,15726,31359,17611,17552,35163,17868,17766,35634
경원선,외대앞,7248,7047,14295,8231,8073,16304,10799,10660,21459,10970,10768,21738,10970,10768,21738,9629,9321,18950,8751,8469,17220,8528,8286,16814,11747,11548,23295,10302,10050,20352,11853,11541,23394,11283,10947,22230
경원선,월계,5288,4870,10158,5906,5477,11383,7370,6754,14124,7820,7192,15012,7820,7192,15012,6921,6381,13302,6010,5555,11565,5578,5188,10766,7481,6930,14411,6686,6166,12852,7325,6769,14094,6869,6323,13192
경원선,응봉,1481,1268,2749,1653,1406,3059,1929,1795,3724,2152,2011,4163,2152,2011,4163,1891,1712,3603,1734,1532,3266,1645,1439,3084,1924,1663,3587,1720,1450,3170,1861,1555,3416,1751,1488,3239
경원선,이촌(국립중앙박물관),3348,2666,6014,3821,3007,6828,4057,3158,7215,4270,3292,7562,4270,3292,7562,4067,3117,7184,3903,3097,7000,3756,2986,6742,4751,3588,8339,3865,3012,6877,4108,3252,7360,3964,3231,7195
경원선,창동,3,0,3,3,0,3,3,0,3,4,0,4,4,0,4,5,0,5,5,0,5,3,0,3,3,0,3,4,0,4,4,0,4,5,0,5
경원선,청량리(서울시립대입구),16057,16446,32503,17170,17568,34738,17950,18376,36326,18175,18624,36799,18175,18624,36799,18049,18283,36332,17215,17614,34829,17343,17606,34949,17672,18180,35852,17316,17667,34983,18880,19094,37974,18531,18656,37187
경원선,한남,3895,3343,7238,3297,3230,6527,3365,3285,6650,3558,3484,7042,3558,3484,7042,3345,3280,6625,3342,3290,6632,3118,3097,6215,3606,3580,7186,3175,3183,6358,3499,3527,7026,3537,3586,7123
경의선,가좌,4858,4754,9612,5513,5432,10945,5802,5588,11390,6187,5923,12110,6187,5923,12110,5673,5503,11176,5600,5410,11010,5245,5052,10297,6157,5876,12033,5539,5335,10874,6052,5806,11858,5896,5738,11634
경의선,공덕,3497,2798,6295,3978,3148,7126,3983,3211,7194,4226,3406,7632,4226,3406,7632,3996,3193,7189,4168,3302,7470,3938,3084,7022,4335,3479,7814,3752,3084,6836,4173,3399,7572,4389,3452,7841
경의선,김포공항,1,0,1,1,0,1,1,0,1,1,0,1,1,0,1,1,0,1,1,0,1,1,0,1,,,0,1,0,1,1,0,1,1,0,1
경의선,디지털미디어시티,2249,2110,4359,2501,2397,4898,2627,2539,5166,2711,2628,5339,2711,2628,5339,2529,2434,4963,2507,2390,4897,2394,2281,4675,2769,2701,5470,2517,2431,4948,2726,2618,5344,2663,2537,5200
경의선,서강대,1796,1752,3548,1984,1921,3905,2257,2239,4496,2380,2331,4711,2380,2331,4711,2227,2179,4406,2075,2029,4104,1971,1913,3884,2439,2455,4894,2184,2159,4343,2411,2401,4812,2253,2239,4492
경의선,서울역,2615,3336,5951,3054,4006,7060,3052,3988,7040,3280,4371,7651,3280,4371,7651,2973,3748,6721,3003,3962,6965,2700,3485,6185,3237,4223,7460,2855,3619,6474,3258,4193,7451,3118,4010,7128
경의선,수색,2515,2575,5090,2967,3039,6006,2988,3059,6047,3228,3261,6489,3228,3261,6489,3022,3058,6080,2980,3020,6000,2710,2766,5476,3222,3270,6492,2865,2916,5781,3142,3196,6338,3029,3108,6137
경의선,신촌,676,836,1512,807,1023,1830,887,1158,2045,967,1243,2210,967,1243,2210,838,1065,1903,876,1095,1971,781,967,1748,1007,1255,2262,857,1045,1902,982,1194,2176,927,1169,2096
경의선,홍대입구,1994,2407,4401,2223,2694,4917,2245,2624,4869,2215,2560,4775,2215,2560,4775,2243,2666,4909,2271,2697,4968,2329,2746,5075,2312,2748,5060,2411,2888,5299,2391,2883,5274,2379,2932,5311
경의선,효창공원앞,2540,2950,5490,2899,3352,6251,3141,3491,6632,3361,3712,7073,3361,3712,7073,3043,3448,6491,3038,3490,6528,2814,3203,6017,3416,3793,7209,2957,3314,6271,3295,3666,6961,3214,3630,6844
경인선,개봉,18141,18096,36237,20415,20562,40977,21351,21253,42604,22444,22205,44649,22444,22205,44649,21246,20980,42226,21246,21047,42293,19914,19681,39595,22626,22332,44958,20593,20331,40924,22354,21851,44205,22356,21849,44205
경인선,구일,7215,7895,15110,5764,5740,11504,7629,7612,15241,9248,9375,18623,9248,9375,18623,9006,9337,18343,8207,8920,17127,8468,8985,17453,8259,8556,16815,6405,6359,12764,8272,8674,16946,8378,9205,17583
경인선,오류동,9532,9009,18541,10631,10129,20760,11304,10691,21995,11740,10982,22722,11740,10982,22722,11252,10484,21736,10969,10241,21210,10324,9589,19913,11669,10816,22485,10657,9876,20533,11529,10664,22193,11368,10544,21912
경인선,온수(성공회대입구),5029,4808,9837,5677,5402,11079,6382,6005,12387,6769,6366,13135,6769,6366,13135,6248,5855,12103,5841,5543,11384,5582,5219,10801,6603,6211,12814,5989,5628,11617,6427,5966,12393,6175,5780,11955
경춘선,신내,2264,2073,4337,2597,2387,4984,2756,2571,5327,2952,2759,5711,2952,2759,5711,2727,2580,5307,2740,2581,5321,2525,2368,4893,2897,2736,5633,2583,2442,5025,2792,2661,5453,2744,2612,5356
공항철도 1호선,공덕,2616,3490,6106,2881,3913,6794,2898,3929,6827,3076,4077,7153,3076,4077,7153,2973,3900,6873,3093,4018,7111,2909,3844,6753,3209,4180,7389,2834,3717,6551,3214,4137,7351,3149,4250,7399
공항철도 1호선,김포공항,8458,5074,13532,8845,5436,14281,8794,5231,14025,8881,5489,14370,8881,5489,14370,9162,5314,14476,9642,5509,15151,9370,5305,14675,10226,5488,15714,9701,5223,14924,10737,5711,16448,10582,5697,16279
공항철도 1호선,디지털미디어시티,11048,10405,21453,13312,12458,25770,12770,12108,24878,13753,12921,26674,13753,12921,26674,12422,11781,24203,13247,12388,25635,11892,11143,23035,14129,13067,27196,11926,11202,23128,13611,12712,26323,13494,12632,26126
공항철도 1호선,마곡나루(서울식물원),8711,8379,17090,11028,10503,21531,10830,10438,21268,11925,11424,23349,11925,11424,23349,11280,10816,22096,11628,11064,22692,10945,10469,21414,13505,12936,26441,11503,11149,22652,12952,12483,25435,13414,13145,26559
공항철도 1호선,서울역,12253,11290,23543,13556,12207,25763,14456,12612,27068,13920,12440,26360,13920,12440,26360,13937,12302,26239,13632,12088,25720,14319,12628,26947,14619,12932,27551,14024,12533,26557,14917,13199,28116,14196,12762,26958
공항철도 1호선,홍대입구,14061,13487,27548,15689,15062,30751,15808,15038,30846,15240,14595,29835,15240,14595,29835,15777,15002,30779,16214,15443,31657,16211,15381,31592,15922,15165,31087,16267,15231,31498,17196,15922,33118,17274,16377,33651
분당선,강남구청,7520,8646,16166,9106,10461,19567,8807,10186,18993,9411,10805,20216,9411,10805,20216,8450,9852,18302,8912,10380,19292,8128,9446,17574,9414,10908,20322,7871,9182,17053,9064,10544,19608,9238,10668,19906
분당선,개포동,3654,3758,7412,4237,4335,8572,4356,4432,8788,4534,4624,9158,4534,4624,9158,4171,4241,8412,4235,4329,8564,4016,4055,8071,4490,4571,9061,3964,4046,8010,4348,4444,8792,4403,4509,8912
분당선,구룡,2711,2681,5392,3071,3057,6128,3581,3531,7112,3755,3704,7459,3755,3704,7459,3391,3336,6727,3349,3287,6636,2937,2873,5810,3682,3561,7243,3217,3098,6315,3580,3460,7040,3558,3460,7018
분당선,대모산입구,4740,4555,9295,5519,5293,10812,5719,5419,11138,6020,5666,11686,6020,5666,11686,5479,5169,10648,5596,5327,10923,5134,4859,9993,5964,5620,11584,5142,4861,10003,5732,5390,11122,5770,5472,11242
분당선,도곡,6007,6033,12040,7070,7090,14160,7193,7210,14403,7800,7845,15645,7800,7845,15645,7060,7239,14299,7209,7333,14542,6535,6634,13169,7560,7719,15279,6489,6637,13126,7376,7562,14938,7596,7731,15327
분당선,복정,3,0,3,5,0,5,4,0,4,4,0,4,4,0,4,2,0,2,2,0,2,2,0,2,3,0,3,3,0,3,3,0,3,3,0,3
분당선,서울숲,9716,9905,19621,11472,11744,23216,12181,12573,24754,15032,15997,31029,15032,15997,31029,12235,12671,24906,12103,12405,24508,11183,11483,22666,12529,12986,25515,11246,11752,22998,12759,13518,26277,11483,11851,23334
분당선,선릉,9846,14763,24609,11874,17942,29816,11362,17239,28601,12155,18477,30632,12155,18477,30632,11105,16827,27932,12299,18465,30764,10977,16437,27414,12499,18748,31247,10267,15334,25601,11720,17668,29388,12189,18281,30470
분당선,선정릉,5660,5798,11458,7089,7309,14398,6766,7010,13776,7216,7452,14668,7216,7452,14668,6440,6694,13134,7045,7250,14295,6280,6432,12712,7215,7402,14617,5938,6050,11988,6854,6993,13847,6939,7088,14027
분당선,수서,14588,15320,29908,16744,17491,34235,16899,17568,34467,17588,18358,35946,17588,18358,35946,16535,17290,33825,16782,17607,34389,15866,16694,32560,17565,18433,35998,15752,16621,32373,17490,18434,35924,17659,18619,36278
분당선,압구정로데오,15933,17441,33374,18559,20160,38719,18418,20156,38574,18752,20637,39389,18752,20637,39389,17744,19471,37215,18491,20193,38684,17594,19354,36948,19282,21168,40450,17049,18753,35802,18845,20581,39426,19746,21496,41242
분당선,한티,13901,14308,28209,15704,16257,31961,15051,15770,30821,15074,15961,31035,15074,15961,31035,14556,15218,29774,15901,16481,32382,15182,15613,30795,16059,16914,32973,14362,14855,29217,15601,16440,32041,15231,15912,31143
서해선,김포공항,2739,3904,6643,2865,4055,6920,2871,4127,6998,3026,4264,7290,3026,4264,7290,3154,4472,7626,3349,4786,8135,3275,4638,7913,3393,4836,8229,3263,4636,7899,3344,4804,8148,3397,4964,8361
신림선,관악산(서울대),2395,2315,4710,2686,2590,5276,3347,3391,6738,3555,3496,7051,3555,3496,7051,3534,3456,6990,3376,3223,6599,3389,3226,6615,3490,3438,6928,3150,3094,6244,3560,3520,7080,2875,2752,5627
신림선,당곡,4215,4126,8341,4793,4709,9502,4756,4609,9365,5003,4780,9783,5003,4780,9783,4883,4591,9474,5014,4829,9843,4730,4520,9250,5113,4884,9997,4526,4268,8794,4881,4593,9474,5049,4801,9850
신림선,대방,2571,2045,4616,2949,2383,5332,3103,2430,5533,3237,2554,5791,3237,2554,5791,3138,2503,5641,3003,2486,5489,2867,2309,5176,3538,2674,6212,3106,2359,5465,3573,2633,6206,3582,2630,6212
신림선,보라매,3622,3273,6895,4166,3737,7903,4272,3852,8124,4575,4099,8674,4575,4099,8674,4471,4092,8563,4472,4063,8535,4052,3656,7708,4625,4177,8802,4034,3640,7674,4487,4062,8549,4605,4140,8745
신림선,보라매공원,1784,1913,3697,2105,2294,4399,2183,2364,4547,2458,2696,5154,2458,2696,5154,3440,4036,7476,2571,2754,5325,2293,2477,4770,2668,2934,5602,2328,2568,4896,2387,2626,5013,2284,2490,4774
신림선,보라매병원,6271,6464,12735,7576,7838,15414,7056,7342,14398,7703,8002,15705,7703,8002,15705,8238,8277,16515,8253,8531,16784,7296,7583,14879,8421,8696,17117,6975,7123,14098,7639,7914,15553,7940,8223,16163
신림선,샛강,2277,2709,4986,2729,3209,5938,2675,3160,5835,2977,3572,6549,2977,3572,6549,2734,3189,5923,2877,3299,6176,2541,2916,5457,3048,3513,6561,2472,2901,5373,2819,3297,6116,2786,3320,6106
신림선,서울대벤처타운,8410,7793,16203,9346,8744,18090,9759,8966,18725,10297,9465,19762,10297,9465,19762,9848,8954,18802,9735,8969,18704,9220,8455,17675,10326,9358,19684,9430,8424,17854,10248,9181,19429,10187,9232,19419
신림선,서울지방병무청,2611,2841,5452,3108,3398,6506,3129,3399,6528,3235,3493,6728,3235,3493,6728,3126,3413,6539,3231,3559,6790,3021,3311,6332,3354,3641,6995,2933,3175,6108,3220,3506,6726,3194,3523,6717
신림선,서원,3098,2755,5853,3470,3119,6589,3521,3089,6610,3709,3254,6963,3709,3254,6963,3509,3078,6587,3672,3256,6928,3497,3060,6557,3763,3283,7046,3355,2923,6278,3602,3134,6736,3657,3239,6896
신림선,신림,1942,2292,4234,2219,2601,4820,2235,2649,4884,2340,2728,5068,2340,2728,5068,2313,2742,5055,2402,2850,5252,2265,2700,4965,2375,2844,5219,2144,2538,4682,2331,2753,5084,2421,2826,5247
우이신설선,4.19민주묘지,2602,2401,5003,2879,2706,5585,4034,3894,7928,4278,4153,8431,4278,4153,8431,3650,3448,7098,3036,2850,5886,2944,2715,5659,4122,3982,8104,3643,3430,7073,4044,3828,7872,3438,3274,6712
우이신설선,가오리,3667,3618,7285,4100,4115,8215,4258,4217,8475,4426,4417,8843,4426,4417,8843,4226,4195,8421,4266,4250,8516,4008,3979,7987,4457,4430,8887,4001,3931,7932,4331,4301,8632,4292,4281,8573
우이신설선,보문,1476,1446,2922,1628,1644,3272,1769,1789,3558,1905,1900,3805,1905,1900,3805,1760,1753,3513,1728,1717,3445,1667,1634,3301,1881,1849,3730,1745,1696,3441,1919,1875,3794,1861,1825,3686
우이신설선,북한산보국문,5165,4874,10039,5770,5514,11284,6540,6129,12669,6830,6397,13227,6830,6397,13227,6168,5747,11915,5736,5446,11182,5394,5072,10466,6613,6190,12803,5993,5516,11509,6731,6210,12941,6452,6009,12461
우이신설선,북한산우이,2516,2366,4882,2675,2507,5182,3221,3078,6299,3415,3194,6609,3415,3194,6609,3282,3139,6421,3121,2972,6093,3231,3166,6397,3277,3082,6359,3319,3135,6454,3671,3422,7093,2984,2765,5749
우이신설선,삼양,1998,2099,4097,2224,2342,4566,2376,2471,4847,2480,2568,5048,2480,2568,5048,2388,2492,4880,2395,2513,4908,2281,2390,4671,2530,2657,5187,2294,2390,4684,2461,2578,5039,2467,2592,5059
우이신설선,삼양사거리,2251,2243,4494,2506,2513,5019,2591,2570,5161,2682,2658,5340,2682,2658,5340,2599,2544,5143,2564,2529,5093,2465,2404,4869,2696,2634,5330,2459,2405,4864,2645,2583,5228,2617,2563,5180
우이신설선,성신여대입구(돈암),3170,3506,6676,3582,3918,7500,3832,4162,7994,3872,4144,8016,3872,4144,8016,3647,3930,7577,3591,3881,7472,3455,3721,7176,3902,4162,8064,3553,3812,7365,3872,4171,8043,3885,4257,8142
우이신설선,솔밭공원,2270,2139,4409,2477,2349,4826,2615,2465,5080,2736,2578,5314,2736,2578,5314,2630,2494,5124,2642,2541,5183,2462,2365,4827,2746,2612,5358,2475,2371,4846,2683,2525,5208,2620,2463,5083
우이신설선,솔샘,5002,4684,9686,5670,5373,11043,5795,5453,11248,6051,5740,11791,6051,5740,11791,5657,5350,11007,5669,5362,11031,5244,4924,10168,5961,5620,11581,5373,4998,10371,5865,5494,11359,5891,5539,11430
우이신설선,신설동,2052,1938,3990,2317,2169,4486,2461,2310,4771,2580,2410,4990,2580,2410,4990,2443,2275,4718,2401,2260,4661,2229,2068,4297,2571,2394,4965,2317,2156,4473,2554,2366,4920,2501,2319,4820
우이신설선,정릉,4070,3695,7765,4535,4181,8716,4933,4426,9359,5048,4548,9596,5048,4548,9596,4759,4238,8997,4504,4052,8556,4325,3826,8151,5056,4453,9509,4612,3984,8596,5081,4399,9480,4864,4361,9225
우이신설선,화계,3110,2934,6044,3509,3337,6846,3708,3500,7208,3846,3631,7477,3846,3631,7477,3666,3457,7123,3576,3394,6970,3440,3241,6681,3863,3643,7506,3450,3238,6688,3730,3506,7236,3679,3460,7139
중앙선,망우,6465,6329,12794,7206,7014,14220,7567,7382,14949,7897,7683,15580,7897,7683,15580,7540,7335,14875,7312,7140,14452,7062,6847,13909,7904,7647,15551,7307,7071,14378,7771,7528,15299,7765,7502,15267
중앙선,상봉,5064,5004,10068,5578,5555,11133,5745,5704,11449,6052,5956,12008,6052,5956,12008,5801,5700,11501,5654,5573,11227,5504,5388,10892,5945,5855,11800,5554,5539,11093,5977,5918,11895,6143,5883,12026
중앙선,양원,2407,2354,4761,2737,2693,5430,3072,3031,6103,3311,3245,6556,3311,3245,6556,3064,2999,6063,3030,2965,5995,2779,2720,5499,3268,3202,6470,2889,2831,5720,3233,3119,6352,3135,3036,6171
중앙선,양평,2797,2865,5662,3056,3120,6176,3349,3439,6788,3627,3724,7351,3627,3724,7351,3453,3535,6988,3281,3365,6646,3317,3379,6696,3482,3539,7021,3447,3506,6953,3463,3555,7018,3334,3401,6735
중앙선,중랑,4714,4552,9266,5177,5003,10180,5404,5190,10594,5676,5427,11103,5676,5427,11103,5392,5146,10538,5366,5120,10486,5159,4916,10075,5678,5375,11053,5227,4982,10209,5631,5357,10988,5617,5337,10954
중앙선,회기,20506,19544,40050,23342,22573,45915,28374,27292,55666,29258,27939,57197,29258,27939,57197,26175,24843,51018,23733,22444,46177,22854,21657,44511,29039,27784,56823,25782,24411,50193,29370,27909,57279,27465,25916,53381
김포골드,김포공항,1805 ,747 ,2551.5,2036 ,777 ,2813.2,2048 ,800 ,2848.2,2246 ,830 ,3076.1,2153 ,814 ,2966.9,2221 ,826 ,3047.1,2248 ,986 ,3234,2141 ,914 ,3054.2,2384 ,1025 ,3408.9,2147 ,976 ,3122.8,2332 ,1009 ,3340.8,2437 ,1055 ,3491.6
신분당선,강남,14813 ,20094 ,34906.9,17661 ,23632 ,41292.9,16582 ,22146 ,38727.4,17490 ,22979 ,40468.7,15766 ,21047 ,36812.5,15938 ,21309 ,37246.7,17807 ,23888 ,41694.8,15992 ,21621 ,37613,17375 ,23108 ,40482.9,14659 ,19503 ,34161.9,16521 ,22032 ,38552.6,17266 ,23109 ,40374.6
신분당선,양재,7414 ,8008 ,15421.9,8894 ,9634 ,18527.5,8717 ,9326 ,18043.3,9213 ,9878 ,19091.1,8412 ,8959 ,17370.3,8459 ,9062 ,17521.5,8808 ,9442 ,18249.8,7963 ,8501 ,16463.1,9078 ,9707 ,18785.1,7689 ,8116 ,15805,9015 ,9581 ,18595.8,9420 ,9986 ,19405.7
신분당선,양재시민의숲,9145 ,9975 ,19119.1,10989 ,11888 ,22877.3,11059 ,12071 ,23129.5,12799 ,14191 ,26990,11192 ,12313 ,23505.2,10706 ,11765 ,22470.9,10820 ,11881 ,22701.4,9800 ,10834 ,20633.5,11911 ,13027 ,24937.2,10101 ,11052 ,21152,11644 ,12720 ,24363.1,11193 ,12110 ,23303.4
신분당선,청계산입구,3972 ,3900 ,7872.2,4546 ,4438 ,8983.7,5067 ,5044 ,10111.6,5402 ,5366 ,10767.3,5278 ,5311 ,10589,5074 ,5108 ,10181.3,4441 ,4402 ,8842.6,4261 ,4206 ,8467.1,4834 ,4781 ,9614.8,4663 ,4652 ,9314.4,5198 ,5170 ,10368.4,4625 ,4546 ,9171
신분당선,신사,7148 ,6884 ,14032.2,8165 ,7854 ,16019.2,7895 ,7515 ,15410.2,8101 ,7686 ,15787.6,7716 ,7281 ,14997,7672 ,7254 ,14926.3,7962 ,7598 ,15560.2,7253 ,6913 ,14166.2,8048 ,7575 ,15622.1,6940 ,6549 ,13488.4,7855 ,7375 ,15229.3,8398 ,8080 ,16478.4
신분당선,논현,4051 ,4078 ,8129,4783 ,4844 ,9627.2,4537 ,4559 ,9095.2,4742 ,4747 ,9488.5,4408 ,4395 ,8803.2,4445 ,4500 ,8944.6,4951 ,4980 ,9930.3,4516 ,4608 ,9124.3,4917 ,5008 ,9924.1,4193 ,4241 ,8433.7,4703 ,4754 ,9457.2,5046 ,5080 ,10126.5
신분당선,신논현,9624 ,9891 ,19514.6,10891 ,11164 ,22054.7,10340 ,10414 ,20754.3,10330 ,10353 ,20682.9,9878 ,9952 ,19829.5,9766 ,10040 ,19805.8,10628 ,11071 ,21698.7,9934 ,10486 ,20419.9,10426 ,10752 ,21178,9247 ,9487 ,18734,10378 ,10572 ,20949.9,11216 ,11340 ,22555.2
