id,name,athlete_count,effort_count,distance_km,avg_grade,city,start_lat,start_lng,end_lat,end_lng
5495292,Segment,44684,104055,0.49,8.2,South Korea,37.56847,126.99215,37.568275,126.986678
16697641,Chilly Hamnida,39125,91368,1.06,0.3,Seoul,37.569475,127.00456,37.56822,126.992816
5408002,반포대교 (북쪽),29595,170222,0.69,0.0,South Korea,37.512577,126.99738,37.518403,126.994545
15266531,Cheonggae Plaza to Cheonggae 3-ga,27458,54424,1.23,-3.8,Seoul,37.569107,126.979088,37.568439,126.992393
7355420,Riverside to Hannam,23134,99267,0.81,0.2,South Korea,37.51935,127.008675,37.524756,127.014864
27160996,[TOF] 남산 순환로 업힐1km (by JK) ,22756,208155,1.0,2.7,Jung-gu,37.553473,126.997498,37.551503,126.997558
19011008,Hannam Triangle to Bogwang Tunnel,21583,132453,0.51,1.3,Yongsan-gu,37.527926,127.006891,37.52482,127.002855
19010968,Bogwang Tunnel to Jamsu Bridge,21328,121177,1.0,-1.2,Yongsan-gu,37.524404,127.002702,37.518948,126.994525
16391228,Forest to Seongsu,20075,120340,0.51,0.4,Seoul,37.537899,127.041367,37.539824,127.035995
27261839,잠달(성수대교 언덕훈련) 성수->한남방향(오르막시작 즈음 왼쪽 파란색 한강 이정표->정점 바닥 초록색매트),19992,101892,0.23,2.0,Gangnam-gu,37.533964,127.032225,37.53458,127.029841
25680364,Über die Brücke,19508,105247,0.2,0.0,Seongdong-gu,37.545833,127.03008,37.544677,127.031677
7455930,[휴레] 남산TR Part 2,19041,145066,3.09,0.6,South Korea,37.55498,126.98401,37.550949,126.997625
13422108,Banpo to Hannam 1Mile,18651,96044,1.62,0.0,Seoul,37.519703,126.994868,37.528922,127.008241
5408106,63 Building > 한강철교 ,16831,72536,0.98,-0.7,South Korea,37.52034,126.941338,37.517091,126.949153
8231184,올팍 장미공원까지 스프린트 ,15573,45037,0.23,-0.6,Seoul,37.51541,127.130098,37.513246,127.128998
27762750,[반미런]영동TO성수,15535,67780,1.99,0.1,Gangnam-gu,37.527,127.055377,37.533383,127.034579
27728091,Bridge to Bridge Northside,15414,86302,0.81,0.0,Seongdong-gu,37.553475,127.044198,37.550652,127.03591
20766366,새벽강변마라톤 -- 5km Route.,15394,59219,2.3,-0.6,Yeongdeungpo-gu,37.528698,126.931727,37.533402,126.909678
19042602,염강나들목~안합,15267,63600,1.46,-0.1,Gangseo-gu,37.562122,126.865537,37.553823,126.87807
17567260,lululemon - Han River,14823,68623,2.0,-0.3,Seoul,37.520116,127.093886,37.519635,127.071912
12333537,Memory Gongs,14682,65171,0.12,9.9,Seoul,37.503671,127.069559,37.504296,127.068669
22955868,TRB - 성내천 올림픽대교남단,14472,69628,1.02,-0.3,Songpa-gu,37.524916,127.102456,37.532175,127.108826
13069367,양화대교(남->북),13441,21843,1.0,-1.2,Seoul,37.539466,126.900762,37.546336,126.907938
17194605,Wonhyo2Mapo,13195,59337,1.19,-0.2,Seoul,37.530354,126.951454,37.53672,126.942009
11845336,Yanghwagyo - Han,12827,74876,0.62,-0.7,Seoul,37.548206,126.881084,37.553144,126.878001
6471711,여의도공원 산책로 트랙,12016,204389,2.51,0.0,South Korea,37.524679,126.921424,37.524584,126.921311
16715116,한강철교 → 한강대교,11457,54519,0.52,-1.9,,37.523248,126.955949,37.52068,126.960827
1980921,서린동 82 4 Climb,11265,28060,0.82,5.0,서울특별시,37.56847556683939,126.98589750577416,37.56902969445807,126.97867280815446
16086791,탄합~CU스프린트,11141,55387,1.9,0.2,Seoul,37.519188,127.06791,37.518749,127.087809
11845328,Yangyeonggyo - Yanghwagyo,11081,61335,1.04,-0.2,Seoul,37.540206,126.888174,37.547724,126.881704
14710004,SLakeCircle Start East,10662,167998,2.65,0.0,Seoul,37.513088,127.106923,37.512999,127.107182
6884991,석촌호수 런닝코스,10541,166317,2.53,-0.0,South Korea,37.507053,127.098628,37.507086,127.09861
9536331,tree alley ,10447,30666,0.36,4.8,Seoul,37.548822,126.992996,37.551268,126.990714
26829624,만남의광장 에서 족구장까지 업힐 JS1,10023,126650,0.59,2.7,Songpa-gu,37.517979,127.117077,37.51804,127.122705
10499895,Foot Bridge,9956,50019,1.62,0.1,Seoul,37.541148,127.031591,37.543689,127.024437
17049177,Hapjeong to Seongsan Bridge ,9316,37108,1.57,-0.1,Seoul,37.546505,126.906936,37.555672,126.893805
9197737,Orange Bridge to bike bridge,9210,41316,1.08,0.0,Seoul,37.556047,126.89345,37.549783,126.902396
8584198,여의도공원 Conrad Entry,9053,87275,2.66,0.0,Seoul,37.526845,126.925087,37.526544,126.92444
7440088,[휴레] 남산업힐(약수터->버스정류장),8742,25443,1.77,5.4,,37.550442,126.998881,37.550763,126.991291
10916130,"Gayang Bridge (north to south, run on east side)",8071,11072,0.78,1.2,Seoul,37.57303,126.863956,37.567001,126.859541
13794817,잠실대교>청담대교,8024,25754,2.02,-0.2,Seoul,37.527847,127.088528,37.529363,127.06644
11338494,"Gayang Dae Gyo south to north (가양대교, 남>북)",7782,9865,0.8,-1.1,Seoul,37.567105,126.859624,37.573266,126.864233
18443666,시민의숲 to 대치중,7728,40140,1.23,-1.2,Seoul,37.47419,127.039063,37.482419,127.048126
13810236,Sinbanpo Track 800m,7702,521670,0.82,-0.1,Seoul,37.501021,126.994576,37.500895,126.994133
9866411,성내천_그늘길(풍납중->합수부),7307,64544,1.01,-0.3,Seoul,37.524525,127.115502,37.524392,127.104194
8231277,The Descent,7188,23366,1.77,-5.7,Seoul,37.550154,126.992228,37.550596,126.998824
21239045,달리기,7060,29474,1.96,-0.3,Gangseo-gu,37.554401,126.875625,37.539597,126.886288
14556641,광명교-안양교,7052,26824,0.76,0.4,Seoul,37.485234,126.872963,37.491953,126.871394
24264946,TRB - 인왕산 편의점 대공,6904,16591,0.48,20.4,Jongno-gu,37.57832,126.961895,37.580821,126.958076
26829641,성내천 올팍공원옆 JS1,6623,65578,0.91,0.1,Songpa-gu,37.523934,127.12708,37.524424,127.117533
26075642,탄천(장지천-창곡천) ,6513,33324,1.01,0.5,Songpa-gu,37.477675,127.117753,37.46984,127.122854
10794949,R 보라매공원 1바퀴 0.6Km,6301,415509,0.63,-0.1,Seoul,37.493116,126.920122,37.49311,126.920145
14533751,오금교-고척교,6251,32666,0.96,0.0,Seoul,37.507444,126.874253,37.49918,126.871272
5597616,The Scream (Namsan Tower),6171,14673,1.14,-10.4,South Korea,37.551131,126.990413,37.55219,126.982507
14556634,안양교-광명교,5996,26620,0.74,-0.5,Seoul,37.491776,126.871517,37.4852,126.872989
5267991,보문4교-안암교,5908,86730,0.17,0.0,South Korea,37.583721,127.021693,37.58232,127.022411
14556645,안양교-고척교,5769,22059,0.71,-0.0,Seoul,37.492151,126.871333,37.498451,126.871023
5267963,보문3교-보문4교,5692,84314,0.23,-0.9,South Korea,37.585726,127.021118,37.583789,127.021594
33840170,Baekseok Straight,5669,6667,0.6,0.2,일산동구,37.635719,126.788848,37.639449,126.783879
19165318,경복궁_시계방향[2.6km],5453,27899,2.64,-0.0,Jongno-gu,37.576301,126.979405,37.576423,126.97941
6953204,Ingwansan from south ; road to summit,5418,12627,1.55,17.0,South Korea,37.573735,126.964136,37.584903,126.957879
18922738,[Tom's] Inwangsan Stairs to Buam,5220,11172,1.6,-11.8,Seoul,37.584812,126.958006,37.591794,126.966419
25604141,하늘공원+노을공원 둘레 1바퀴,5158,31119,5.88,0.0,Mapo-gu,37.566041,126.891248,37.566031,126.8912
14556625,고척교-안양교,5102,23073,0.71,0.0,Seoul,37.498419,126.871072,37.492201,126.871423
917413,용산동2가 산1 3 Climb,5022,14933,1.09,11.7,서울특별시,37.5522804,126.982212,37.5510265,126.9892332
5267911,바람마당-보문2교,4781,61681,0.15,-3.0,South Korea,37.589637,127.017845,37.588647,127.018739
9974133,성북천 (청계천 - 보문3교),4596,53601,1.78,0.3,Seoul,37.570979,127.027903,37.585842,127.020998
21760219,[돼지런] 연세대학교 대운동장 트랙,4567,80267,3.0,0.1,Seodaemun-gu,37.562825,126.933436,37.562572,126.933189
12158666,순대타운,4471,40921,0.85,-0.5,Seoul,37.484071,126.926072,37.48957,126.91998
8356973,잠실보조운동장 400m,4470,862503,0.4,0.0,Seoul,37.517032,127.070273,37.51703,127.07028
18725216,SF 10km Finish,4460,21739,0.81,0.8,Seoul,37.52093,126.961238,37.517589,126.96933
20824762,서울식물원 습지원(CW#01),4388,33525,0.72,0.4,Gangseo-gu,37.572698,126.833331,37.577942,126.834803
19776115,Courtyard Seoul Botanic Park -> Magok Batminton Court,4360,112545,0.6,-0.1,Gangseo-gu,37.567152,126.830128,37.572218,126.831796
14164266,일산 호수공원 [전시관코스 by HOya],4332,52983,4.83,0.0,Goyang-si,37.650011,126.771223,37.650051,126.771246
12104629,Seoul 10kmer Hill 2 up,4299,16538,0.5,3.4,Seoul,37.573744,126.883298,37.569875,126.880926
19818878,진옥자전거캠프-아차산(청노루표시판-전망대)(JOBC),4274,12687,0.6,8.3,Guri-si,37.572162,127.103249,37.566841,127.102889
11467937,한천교 → 당현4교,4263,42318,1.72,0.2,Seoul,37.624839,127.069799,37.637661,127.059526
12651442,일산호수공원[휴레],4204,51451,4.81,0.0,Goyang-si,37.657529,126.766067,37.657139,126.766407
13061814,상수역-광흥창역,4199,4539,0.8,-0.9,Seoul,37.547729,126.922256,37.547459,126.93118
13497356,Mapo Bridge East side (N to S),4137,8767,1.0,0.0,Seoul,37.536097,126.940938,37.53054,126.932081
16355190,뚝섬대회10K,4132,5309,10.01,-0.0,Seoul,37.52815,127.070694,37.528165,127.070631
6931298,△북한산: Baekundae Summit Push,4073,6595,0.29,11.2,South Korea,37.657673,126.979481,37.658648,126.977962
5408057,한강대교 (북쪽),4042,15355,0.71,-2.1,South Korea,37.514463,126.956963,37.520082,126.960672
5993163,Bugaksan,4016,6694,0.73,25.9,South Korea,37.592888,126.966591,37.59322,126.973793
12104632,Seoul 10kmer Hill 2 Down,3962,15305,0.39,-6.5,Seoul,37.570598,126.881535,37.567996,126.878834
7455059,[휴레] 중랑TT Part 2,3827,33638,2.39,0.3,South Korea,37.593495,127.070579,37.614054,127.072089
20824793,서울식물원 습지원(CCW#01),3807,25943,0.71,-0.3,Gangseo-gu,37.577942,126.834803,37.572694,126.833318
7455053,[휴레] 중랑TT Part 1,3806,33378,2.37,-0.3,South Korea,37.613958,127.07214,37.593534,127.070636
8301826,교대 트렉 1바퀴,3802,475276,0.41,0.0,Seoul,37.491001,127.016068,37.491056,127.016122
26627611,북한산(백운봉암문-백운대-봉암문),3776,5959,0.46,1.6,Goyang-si,37.658086,126.979389,37.65802,126.979403
17338531,Seorae Island,3763,9955,0.7,-0.4,Seoul,37.506929,126.986981,37.508716,126.992201
20513634,양재천 1.5km (kooR),3755,28167,1.47,0.0,Gangnam-gu,37.50032,127.073828,37.490596,127.067227
10499887,A Good Stretch,3741,9873,3.5,-0.7,Seoul,37.536758,127.099419,37.529567,127.0658
3885420,Segment,3713,11246,0.67,7.2,South Korea,37.567688,127.151878,37.56668,127.144764
27261736,잠달(동호대교 스프린트) 동호->한남 방향(동호대교 계단/횡단보도->자전거길끝/노란기둥),3711,18417,0.43,-0.0,Gangnam-gu,37.531782,127.023765,37.528462,127.021205
6279973,Hyewhamun to Dongdaemun,3675,5528,2.07,-1.3,South Korea,37.587246,127.004255,37.572114,127.009631
22050498,경복궁 반시계 방향,3650,16115,2.61,-0.1,Jongno-gu,37.583327,126.979612,37.58334,126.979565
27261773,잠달(한남대교 스프린트) 한남->반포 방향(한남대교 엘리베이터 옆/파란이정표->잠원나들목 횡단보도/파란색 한강 이정표),3631,19826,0.45,0.0,Apgujeong-dong,37.524605,127.015799,37.52146,127.012764
21911592,신대방~보라매후문,3624,21236,0.93,0.3,Dongjak-gu,37.485133,126.906141,37.48908,126.915312
13232366,광진교(북->남),3514,12967,0.95,-0.2,Seoul,37.545958,127.109182,37.542866,127.119149
25544893,TRB - 나홀로나무 업힐 구간,3489,34790,0.44,5.9,Songpa-gu,37.523018,127.122125,37.522563,127.118784
18962884,암사고개-고덕교 다운힐(강.철),3423,10319,0.95,-3.8,Gangdong-gu,37.566944,127.143662,37.568535,127.153577
12524981,깔딱계단,3397,9341,0.28,29.6,Seoul,37.578852,127.103203,37.576816,127.101801
14972710,부천종합운동장 인라인트랙,3354,305671,0.72,0.4,Bucheon,37.503722,126.798639,37.503786,126.799089
18038011,Following the wall,3347,4976,0.9,7.9,Seoul,37.572636,127.008633,37.580394,127.008491
10177476,서울대트랙,3328,419377,0.43,0.1,,37.46492,126.950743,37.464972,126.950793
14412611,Around Noeul and Haneul Park,3239,26866,5.89,-0.0,Seoul,37.576018,126.880205,37.575966,126.880337
21132695,양재천 관천대로 - 관천교 ,3203,29346,0.51,-0.0,Gwacheon-si,37.445657,126.996772,37.448976,127.000534
30789450,[경의선숲길] 대흥역-공덕,3191,17934,0.85,-0.8,Mapo-gu,37.546938,126.94112,37.543984,126.94953
25544892,TRB - 남2문 장미광장,3140,17826,0.46,-0.6,Songpa-gu,37.514151,127.123046,37.512285,127.127654
13677796,Skate Track - anti clockwise ,3097,189819,0.36,0.0,Seoul,37.517243,126.880504,37.517241,126.880485
14608336,서원동성당-신림3교,3095,23093,1.04,0.0,Seoul,37.478162,126.933188,37.472405,126.93326
5663897,Han River Bridge Island half lap,3064,11409,0.93,-1.1,South Korea,37.518157,126.959647,37.516655,126.958862
28335507,우이천 월계2교 ~ 꿈의숲SK뷰아파트 103동 앞,3023,52442,0.52,0.4,Nowon-gu,37.624284,127.050175,37.620567,127.053765
11401341,[얼공]1k후문→분수대(북)_@ddamdo,2981,49001,1.07,-0.5,Seoul,37.551182,127.08666,37.549546,127.077856
2629307,아천동 산7 1 Climb,2952,9529,0.84,5.1,서울특별시,37.590045929,127.10823822,37.583614349,127.105789185
18874939,Being watched,2941,5228,1.39,8.8,Seoul,37.592452,126.998263,37.593739,126.986021
23738864,진옥자전거캠프-용마봉(용마봉정상구간)(JOBC),2784,8832,0.21,20.8,Gwangjin-gu,37.571863,127.097716,37.571021,127.095812
8553131,만의골 애보 언덕,2780,48334,0.8,4.2,Incheon,37.44581,126.764304,37.451971,126.76883
18377077,광진교(남->북),2774,10662,0.89,0.2,Seoul,37.542961,127.118819,37.545842,127.109495
13640932,신대방역-대림역,2760,11667,2.41,-0.1,Seoul,37.489061,126.915465,37.49174,126.895415
9278345,gate to Samgakji,2760,11252,0.38,-0.4,Seoul,37.534665,126.980418,37.53452,126.976119
11662397,중앙공원 1바퀴,2744,166839,1.56,0.0,Bucheon,37.49873,126.767856,37.498722,126.767902
24313669,낙산공원 정상~한성대입구역 근처 계단,2714,5136,1.11,-6.8,Jongno-gu,37.580205,127.008769,37.587639,127.004357
21920281,진옥자전거캠프-관악산(연주암.연주대깔딱계단)(JOBC),2698,4967,0.25,26.1,Gwacheon-si,37.442973,126.964769,37.444952,126.964078
8356449,관문운동장 400m,2697,497537,0.42,0.0,Gwacheon-si,37.441083,126.996586,37.441057,126.996573
19024669,서울숲1Km,2645,39391,1.05,0.1,Seongdong-gu,37.545472,127.041771,37.545272,127.041896
5838759,Segment,2639,5250,1.02,8.1,South Korea,37.652629,126.953905,37.652418,126.962502
40667936,상계교_창동교 서편 by psw,2631,14153,1.03,-0.3,Banghak 1(il)-dong,37.661821,127.050966,37.653024,127.053703
21385315,진옥자전거캠프-서울둘레길2구간(사각정갈림길-아차.용마봉갈림길)(JOBC),2620,5417,1.48,6.8,Jungnang-gu,37.58417,127.106604,37.573868,127.100958
10431480,여의도10km대회코스(마포방면),2610,3340,10.06,0.0,Seoul,37.527748,126.933065,37.527682,126.933027
22116933,TRB-청계산 깔딱고개 버티컬,2562,4774,1.02,19.6,Seocho-gu,37.434362,127.044608,37.42896,127.044531
29025329,우이천 벼루말교 -초안교,2553,38962,1.61,-0.0,Seongbuk-gu,37.620421,127.053741,37.631086,127.041589
26001607,진옥자전거캠프-북한산(쉼터2-하루재)(JOB,2516,4208,0.35,33.1,Gangbuk-gu,37.659854,126.989239,37.662256,126.986972
14657111,둘리 VS 고길동,2472,37962,1.41,-2.1,Seoul,37.641724,127.032837,37.631745,127.040985
25933837,진옥자전거캠프-북한산(영봉갈림길-백운봉암문)(JOBC),2463,4259,1.03,22.3,Gangbuk-gu,37.662258,126.986846,37.657765,126.979568
2707595,부암동 359 10 Climb,2454,6739,0.54,7.7,Seoul,37.590862,126.965584,37.587062,126.963881
1620966,진관동 158 28 Climb,2442,5232,0.49,9.3,서울특별시,37.6229472,126.93267983333332,37.626521200000006,126.93241496666666
21418147,진옥자전거캠프-망우산(망우오작교-순환로입구)(JOBC),2439,6968,0.34,8.4,Jungnang-gu,37.600548,127.113835,37.598055,127.114912
24680117,어린이대공원한바퀴,2436,31370,2.24,0.1,Gwangjin-gu,37.550639,127.083514,37.550009,127.084568
22631051,TRB - 불암산 버티컬,2430,5791,0.41,34.8,Namyangju-si,37.661398,127.092928,37.663574,127.095232
34792758,봉산 계단오르기 2,2421,7109,0.25,16.5,Gusan-dong,37.610431,126.901641,37.612513,126.901057
28217084,Jeungsan 5k - Monster Stairs to Bongsan View Point  ,2416,7216,0.49,4.3,Eunpyeong-gu,37.608359,126.902034,37.612251,126.901249
28217018,Jeungsan 5k - Monster Stairs ,2414,7262,0.3,18.6,Eunpyeong-gu,37.605846,126.90171,37.60841,126.902011
26607022,끝난줄 알았는데 또있네 업힐 700m,2397,37062,0.71,1.1,Gwangjin-gu,37.548752,127.077413,37.548594,127.083778
10688477,상도교 → 장암대교 (중랑천 서쪽),2359,23807,1.28,0.1,Seoul,37.686223,127.050921,37.697149,127.047929
9158674,장암대교 -> 상도교 (중랑천 서쪽),2314,24085,1.25,-0.4,,37.697047,127.047905,37.686328,127.050771
6237491,Segment,2304,4487,0.61,11.7,South Korea,37.472008,126.958674,37.471342,126.953887
5302285,Seoul Canal to Han River,2300,17349,1.51,-1.1,South Korea,37.49975,126.991388,37.505523,126.979166
28216981,Jeungsan 5k - Saejeol to Monster Stairs,2297,6356,1.36,-0.6,Eunpyeong-gu,37.595218,126.901952,37.605883,126.901714
18935062,[Tom's] Gate downhill to Rose Garden,2267,4889,1.82,-7.0,Jongno-gu,37.608264,126.951404,37.610389,126.941653
1620967,진관동 산172 Climb,2266,4905,0.69,10.0,서울특별시,37.630568700000005,126.933519,37.6327406,126.93911195
26779129,진옥자전거캠프-청계산(헬기장-매봉-매바위)(JOBC),2257,4001,0.73,5.3,Seocho-gu,37.430702,127.047264,37.42911,127.045843
11142972,과기대트랙,2224,357082,0.42,-0.1,Seoul,37.62974,127.078949,37.629773,127.078966
16434090,2017중마,2221,2689,42.3,0.1,,37.511637,127.076172,37.515679,127.072291
6377253,Segment,2195,4208,1.03,8.4,South Korea,37.65198,127.0117,37.64915,127.00306
16918444,[hirun]망원유수지 트랙,2191,142296,0.46,0.1,Seoul,37.55758,126.8979,37.557602,126.897931
19381377,[Tom's] Rose Garden Climb to Bulgwangsa,2173,4166,0.68,5.3,Eunpyeong-gu,37.610308,126.942045,37.613279,126.93863
7371913,어울림 1 lap,2172,453277,0.43,0.0,South Korea,37.649689,126.832012,37.649691,126.832013
2326260,중곡4동 143 134 Climb,2156,5121,0.6,13.4,서울특별시,37.5581665039062,127.103614807129,37.5625648498535,127.101837158203
19601290,진옥자전거캠프-불암산(태능선수촌극기훈련코스)(JOBC),2148,5491,0.77,19.5,Nowon-gu,37.651142,127.093216,37.657207,127.091866
25913060,진옥자전거캠프-북한산(쉼터2-쉼터4)(JOBC),2148,3868,0.59,21.5,Goyang-si,37.654468,126.967539,37.655937,126.972999
27587119,진옥자전거캠프-불암산(학도암-불암산)(JOBC),2128,4921,0.92,8.0,Namyangju-si,37.65612,127.091933,37.663013,127.094691
13378457,여의도LSD코스-8Km,2121,6338,8.2,0.0,Seoul,37.533447,126.909824,37.533583,126.909259
20367879,샛강생태공원(E2W),2105,5326,1.14,0.7,Seoul,37.516599,126.928055,37.520886,126.91703
20824817,서울식물원(CCW#01),2078,28550,2.31,0.1,Gangseo-gu,37.572131,126.833254,37.572125,126.833254
6377256,Segment,2061,3891,0.71,8.6,South Korea,37.62789,127.00862,37.62404,127.00965
6377255,Segment,2054,3891,0.76,7.0,South Korea,37.633163,127.00933,37.629005,127.00837
5889669,Segment,2051,4246,0.49,14.4,South Korea,37.622705,126.934367,37.620224,126.936813
26315984,진옥자전거캠프-북한산(백운산장-백운대)(JOBC),2003,2923,0.65,38.0,Goyang-si,37.658876,126.983114,37.658626,126.977974
21132685,양재천 육교 - 과천대로,1976,18741,0.81,-0.9,Gwacheon-si,37.43882,126.994783,37.445657,126.996772
19472901,진옥자전거캠프- 수락산정상(계단)(JOBC),1965,3953,0.34,11.1,Namyangju-si,37.69643,127.081795,37.699272,127.081335
2736691,School climb,1940,4392,0.87,6.2,Seoul,37.586342,126.972575,37.592208,126.967644
21703236,진옥자전거캠프-수락산(도솔봉-수락산주봉)(JOBC),1939,3917,0.98,12.8,Nowon-gu,37.69117,127.084576,37.69819,127.081225
3707616,Segment,1867,3657,0.98,16.4,South Korea,37.4538203,126.96658218,37.44704728,126.9688975
40639437,당현천 당현2교_염광교 동편 by psw,1860,28380,0.63,0.4,Junggye 1(il)-dong,37.650385,127.068521,37.655158,127.072092
21132672,양재천 별양교 - 육교,1858,19006,0.53,-0.6,Gwacheon-si,37.434098,126.99728,37.43882,126.994783
20171232,성남종합운동장 반시계 1바퀴 #김진성,1854,251163,0.45,-0.1,Seongnam-si,37.433182,127.136698,37.433179,127.136639
6071529,Segment,1849,3875,0.47,8.6,South Korea,37.458241,126.968227,37.45545,126.965962
2982725,상암동 436 2 Climb,1837,10144,0.87,7.9,Goyang Si,37.575994,126.866877,37.576972,126.875483
6624547,Segment,1823,3148,0.68,11.1,South Korea,37.64994,126.967275,37.648265,126.972041
20171240,성남종합운동장 2바퀴 반시계 #김진성,1808,120741,0.88,-0.1,Seongnam-si,37.433182,127.136698,37.433132,127.136677
1454506,정릉3동 산1 278 Climb,1807,3290,0.94,13.4,서울특별시,37.61512618333333,126.99275266666668,37.61433513333333,126.9852246
9831608,청계램프 - 제기1교,1806,14076,1.5,-0.2,Seoul,37.572521,127.035657,37.586175,127.036096
1454505,정릉4동 산1 59 Climb,1802,3194,0.9,12.1,서울특별시,37.61714466666666,127.00224495,37.616440733333334,126.99525691666668
18687476,to the ridge of Mt. Acha,1797,4049,0.6,14.1,Seoul,37.55517,127.101265,37.558865,127.1027
12368195,Bongeunsa climb #4,1793,3640,0.14,7.2,Seoul,37.513835,127.057237,37.513576,127.05578
21949232,진옥자전거캠프-수락산(덕능고개갈림길-수락산주봉)(JOBC),1789,3965,0.75,16.0,Namyangju-si,37.692572,127.084517,37.697705,127.081553
26075586,장지천(토끼굴-탄천),1784,16310,1.7,-1.3,Songpa-gu,37.479789,127.134413,37.477632,127.11785
20171242,성남종합운동장 3바퀴 반시계 #김진성,1774,76957,1.3,-0.1,Seongnam-si,37.433182,127.136698,37.433102,127.136649
19460546,진옥자전거캠프- 수락산구간1(JOBC),1753,3684,2.02,17.1,Namyangju-si,37.682474,127.093372,37.691054,127.085615
14909542,Yeouido Riverfront Mile,1744,2752,1.62,-0.1,Seoul,37.531519,126.929069,37.535859,126.911682
4957568,Segment,1744,3663,0.63,13.1,South Korea,37.668472,127.028115,37.672892,127.02564
35792526,선바위굴다리-부림2교,1743,14852,1.65,0.5,,37.449572,127.002988,37.438175,126.995226
20171248,성남종합운동장 4바퀴 반시계 #김진성,1737,55384,1.72,-0.1,Seongnam-si,37.433182,127.136698,37.433154,127.136703
4957567,Segment,1733,3451,0.69,7.0,South Korea,37.661484,127.024548,37.666246,127.026041
5205266,Segment,1730,4106,0.45,12.2,South Korea,37.472707,127.176543,37.47413,127.180541
6237475,Segment,1728,2946,1.46,4.8,South Korea,37.475473,127.072853,37.471225,127.062586
4957564,Segment,1727,3976,0.96,8.9,South Korea,37.677105,127.031472,37.684637,127.02996
21090764,북한산 둘레길 3코스 / Bukhansan Trail #3,1724,2848,4.3,1.1,Gangbuk-gu,37.642334,127.002307,37.620985,127.007628
12324483,Song to the Siren,1716,15093,0.19,1.7,Seoul,37.510132,127.04641,37.509355,127.044468
6931547,덕능고개-수락산/Deongneung Pass to Suraksan,1702,3517,3.7,12.1,South Korea,37.677741,127.092214,37.697857,127.081463
26482187,진옥자전거캠프-청계산(매바위-매봉-길마재쉼터)(JOBC),1702,2632,1.02,-14.9,Seocho-gu,37.429013,127.045244,37.433538,127.048683
6034949,Segment,1701,4553,0.47,8.9,South Korea,37.475475,127.083617,37.474959,127.078778
20171253,성남종합운동장 5바퀴 반시계 #김진성,1688,42656,2.14,-0.1,Seongnam-si,37.433182,127.136698,37.433088,127.136686
21780875,진옥자전거캠프-관악산(낙성대구간)(JOBC),1687,3316,1.2,15.1,Gwanak-gu,37.451958,126.967995,37.445418,126.96444
29622705,6.달갈부리공원까지 신나게 달려봐! 살빠져_Team KFC,1684,24538,0.52,0.2,Goyang-si,37.637194,126.875233,37.641689,126.876629
12659994,정릉천 1km TT,1682,18242,1.02,-0.3,Seoul,37.5909,127.038935,37.582211,127.035648
6377285,Segment,1674,3253,0.79,5.9,South Korea,37.66161,127.023926,37.6614,127.01793
2321194,낙성대동 산4 9 Climb,1660,3389,0.47,8.6,서울특별시,37.462726593,126.972511292,37.459690094,126.969398499
26492636,진옥자전거캠프-청계산(쉼터-옥녀봉갈림길쉼터)(JOBC),1646,2759,0.96,25.3,Seocho-gu,37.438545,127.050781,37.432082,127.047278
6237476,Segment,1642,2716,0.36,17.3,South Korea,37.471896,127.053617,37.469363,127.053079
18935033,[Tom's] Rose Garden Climb to Gate,1638,2590,1.8,7.4,Eunpyeong-gu,37.610596,126.94129,37.608282,126.951203
14482047,Gwangmyeong Athletics track,1637,675688,0.42,0.0,Gwangmyeong-si,37.461863,126.872239,37.461878,126.872204
12368034,I love apple pie,1614,2987,0.16,2.6,Seoul,37.513505,127.060019,37.513766,127.058535
7150890,△북한산: Baekundae Gate Climb,1608,2367,1.93,21.4,South Korea,37.658326,126.991023,37.657727,126.979624
22577968,TRB - 대모산 GOGO,1607,4092,1.02,10.4,Gangnam-gu,37.476304,127.089101,37.474794,127.07927
19517272,진옥자전거캠프-구룡산정상(JOBC),1604,3834,0.57,19.9,Seocho-gu,37.470348,127.067064,37.469103,127.061554
23256874,휴먼링 북-남(반시계) ,1597,26086,1.52,0.1,Jangji-dong,37.481822,127.140172,37.468803,127.137242
21967575,서서울호수공원 몬드리안B,1584,106206,0.1,-1.7,Yangcheon-gu,37.525854,126.831072,37.52661,126.831554
23256995,휴먼링 북-남(시계방향),1563,32405,1.45,0.6,Songpa-gu,37.481834,127.147366,37.469338,127.145626
6034947,Segment,1544,3678,1.06,11.4,South Korea,37.47763,127.095573,37.475564,127.085554
3141365,개포4동 산211 4 Climb,1533,3820,0.58,18.8,Seoul,37.470672366871966,127.06812992238676,37.46932016463988,127.06241067727572
17183063,일산 호수공원 [전시관코스 역방향 by HOya],1533,11609,4.84,-0.1,Goyang-si,37.65688,126.766242,37.656815,126.766338
21132649,양재천 중앙공원 - 별양교,1520,13349,0.51,-0.3,Gwacheon-si,37.43051,126.994075,37.434098,126.99728
26482155,진옥자전거캠프-청계산(옥녀봉갈림길쉼터-매봉-길마재쉼터)(JOBC),1514,2385,1.48,-6.1,Seocho-gu,37.432152,127.047333,37.433637,127.048703
3678313,Segment,1509,2307,0.8,16.0,South Korea,37.65086235,126.9808233,37.65487729,126.97923162
4967533,Segment,1497,4706,0.32,15.2,South Korea,37.606393,126.985098,37.60439,126.984304
17544814,청수동암문-비봉,1488,3042,1.73,-8.1,Seoul,37.633128,126.971521,37.626097,126.957146
19512331,진옥자전거캠프-수서-대모산(대모산정상)(JOBC),1488,3573,1.27,11.7,Gangnam-gu,37.47739,127.090788,37.47504,127.078327
21312987,TRB - 북한산 향로봉 버티컬,1474,2667,0.19,38.7,Jongno-gu,37.62407,126.951526,37.62535,126.951654
13632454,KR-Seoul: Yangjae Stream: Downstream-Upstream 5km,1473,10857,4.99,0.1,Seoul,37.487555,127.055936,37.487032,127.056135
6034946,Segment,1468,3302,0.38,15.9,South Korea,37.481032,127.097738,37.478328,127.097767
7176502,서울대공원 Loop,1467,22465,2.1,-1.5,South Korea,37.431253,127.009811,37.431391,127.009886
21612765,서울식물원(CW#02),1434,13246,1.52,0.2,Gangseo-gu,37.567504,126.832051,37.567485,126.832064
20091476,진옥자전거캠프-관악산(연주대깔닥계단)(JOBC),1427,2440,1.13,22.2,Gwanak-gu,37.444605,126.95877,37.445045,126.964149
16194161,북악팔각정 - 정상,1426,3555,1.14,-1.2,Seoul,37.601447,126.980943,37.60774,126.986435
8079063,Around Seoul Olympic Park ,1419,6045,4.92,-0.0,Seoul,37.51232,127.127474,37.512464,127.128267
21967516,서서울호수공원 몬드리안A,1401,101545,0.93,-0.0,Yangcheon-gu,37.527559,126.829863,37.527572,126.829829
26381365,진옥자전거캠프-북한산우이령길(우이탐방로-우이령)(JOBC),1397,3247,1.12,11.3,Gangbuk-gu,37.677923,127.003481,37.683687,126.997577
16081901,to the false peak,1394,2161,2.04,21.5,Seoul,37.442637,127.053345,37.429023,127.044943
19053442,사천교~홍제천 합수부 왕복(5.0km),1381,7612,5.01,-0.1,Seodaemun-gu,37.568653,126.917275,37.568298,126.916865
18995700,진옥자전거캠프-쉼터_남문byHS,1374,2943,2.24,5.3,Seongnam-si,37.465402,127.160371,37.473205,127.180964
13523379,Dirt Track Lap,1372,54172,0.43,0.0,Seoul,37.527843,127.020142,37.527841,127.020145
37927610,왕숙길벗교-다산하늘초 1K 달리기@StepUpBpm,1361,10623,1.0,0.1,다산1동,37.62027,127.14461,37.62873,127.145355
5921966,대모-구룡/Daemo-Guryong Ridge,1354,3236,1.82,0.8,South Korea,37.474893,127.078504,37.469041,127.061876
19442292,진옥자전거캠프- 백세문-태능방향삼거리(JOBC),1338,3361,2.25,5.9,Nowon-gu,37.628212,127.085464,37.642918,127.0942
34663925,다산하늘초-왕숙길벗교 1K 달리기@StepUpBpm,1332,10598,1.0,-0.1,다산1동,37.628775,127.145367,37.620191,127.144606
20171266,성남종합운동장 10바퀴 반시계 #김진성,1328,18512,4.2,0.1,Seongnam-si,37.433182,127.136698,37.433266,127.136671
29527884,3. 창릉천 토끼굴 출구부터 1km 구간_Team KFC,1314,14335,1.07,-1.2,Goyang-si,37.633343,126.874524,37.62406,126.873664
23396432,인라인 1lap,1305,11384,0.31,0.0,Nowon-gu,37.644125,127.055908,37.644088,127.055861
24352102,메타세쿼이아길 왕복,1284,3084,1.74,-0.0,Mapo-gu,37.562945,126.887516,37.562937,126.887556
1372186,북한동 468 5 Climb,1278,1894,0.62,13.2,고양시,37.655618698990615,126.95763833300671,37.65237198,126.96226796
1454507,평창동 404 Climb,1271,2202,0.81,6.4,서울특별시,37.61446431666667,126.97956836666664,37.61732928333333,126.97507871666666
6377278,Segment,1233,2583,1.15,9.3,South Korea,37.69644,127.04196,37.691956,127.033455
1454508,구기동 77 1 Climb,1225,2046,0.47,13.9,서울특별시,37.61348976666667,126.96801875,37.61411558333333,126.96445508333332
22403274,Hangang to Seorae-mal,1215,7142,1.97,0.2,Dongjak-gu,37.505535,126.979164,37.499894,126.99668
32792538,서서울호수공원(CCW#01),1211,41831,0.68,-0.4,Yangcheon-gu,37.526624,126.832141,37.526726,126.832128
31161354,구리왕숙체육공원~성신레미컨 2K 달리기 @Up_BPM,1187,9805,2.01,-0.1,Guri-si,37.63739,127.14861,37.620598,127.142588
18995662,진옥자전거캠프-산성역_쉼터byHS,1168,2327,1.62,7.7,Seongnam-si,37.457014,127.150271,37.465714,127.160765
3006461,성산2동 532 16 Climb,1166,4941,0.79,6.6,Seoul,37.569749,126.880441,37.569169,126.88702
7150883,△북한산: Ui-Dong Road Climb,1164,2194,1.76,11.5,South Korea,37.66085,127.006598,37.657528,126.991698
20051823,stairs up Ansan,1158,3131,0.38,21.2,Seodaemun-gu,37.57489,126.943744,37.576816,126.946886
13391218,Namhan St - Gate,1140,2251,4.09,6.2,Seongnam-si,37.457271,127.150222,37.473374,127.180782
10491921,응봉공원 loop,1120,81513,1.12,-0.0,Seoul,37.554913,127.020845,37.554888,127.020887
16368813,Start of 2nd FB to WF,1117,3395,2.62,-0.3,Seoul,37.537261,126.887868,37.520977,126.881204
26758097,circuit 250 m,1111,176736,0.26,0.0,Jung-gu,37.556707,126.96598,37.556693,126.965942
26504777,진옥자전거캠프-청계산(청계산역-진달래능선입구)(JOBC),1108,1898,0.59,8.4,Seocho-gu,37.445086,127.057296,37.442293,127.052448
24785319,서울숲마라톤클럽 4-4코스(0.41km),1105,3428,0.42,-3.8,Seongdong-gu,37.542742,127.035064,37.542736,127.035047
19410689,진옥자전거캠프- 서울둘레길3구간고덕산(JOBC),1100,1802,1.39,2.0,Sangil-dong,37.555267,127.15705,37.548363,127.16378
34792742,봉산 계단오르기 1,1084,2309,0.57,18.1,Gusan-dong,37.617053,126.902808,37.612587,126.90108
11272585,Seonjeongneung Park counterclockwise,1082,8994,2.04,0.0,Seoul,37.509172,127.044347,37.509244,127.044269
38990537,Cross-Wind,1072,12001,0.93,-0.9,Segok-dong,37.462409,127.108252,37.463358,127.117368
18670656, 먹골교 Last 1km,1071,12968,1.06,0.3,Seoul,37.619136,127.081993,37.61767,127.0929
6521843,Segment,1068,2442,0.38,12.0,South Korea,37.475846,127.005987,37.475926,127.009761
24094494,Dalle scale al 1bivio,1065,4269,0.7,-5.0,Mapo-gu,37.568444,126.888367,37.570269,126.881479
34907520,앵봉산 계단오르기 4,1049,2039,0.33,8.9,Changneung-dong,37.624696,126.907053,37.622152,126.907327
5672149,Segment,1041,1522,1.15,13.4,South Korea,37.693003,127.023005,37.694032,127.017845
9202362,Dangjak Climb #3,1034,4175,0.39,10.8,Seoul,37.493438,126.970113,37.493514,126.965953
19467230,진옥자전거캠프- 서울둘레길3구간-일자산간해맞광장계단(JOBC),1032,2910,0.23,12.9,Gangdong-gu,37.52674,127.150795,37.528362,127.15236
24450401,TRB - 토평교 다산순환로,1025,6368,3.06,0.1,Guri-si,37.593774,127.164836,37.613549,127.148362
25186042,영동2교와 영동1교 사이,1022,6530,2.07,0.0,Gangnam-gu,37.481263,127.046433,37.47776,127.041951
8461366,올림픽공원(에너지런),1021,4154,2.8,-0.0,Seoul,37.519108,127.116511,37.519124,127.116739
22365778,Jarakgil - road to gym,1009,3287,1.02,7.1,Seodaemun-gu,37.579805,126.940906,37.573306,126.943953
20377755,Seonjeongneung CW,1003,7706,1.98,-0.0,Gangnam-gu,37.507185,127.047183,37.507197,127.047167
21694739,Inwangsan-ro Descent,1000,1885,0.75,-8.9,Jongno-gu,37.579834,126.962338,37.574966,126.967393
26521314,진옥자전거캠프-청계산(막계동갈림길-매봉-상적동갈림길)(JOBC),988,1556,1.71,9.7,Seocho-gu,37.435995,127.043369,37.430771,127.047379
18677178,영동2교-영동3교 (시계방향),978,4382,2.07,0.0,Seoul,37.47956,127.043594,37.479454,127.04357
4795731,Segment,970,2241,1.74,19.9,South Korea,37.624555,126.990302,37.636012,126.982813
9700775,입구 - 약수터입구,966,4981,0.6,9.6,Seoul,37.597857,127.115289,37.59539,127.119913
26023025,진옥자전거캠프-도봉산(자운봉-신성봉)(JOBC),956,1368,1.12,31.4,Dobong-gu,37.692062,127.02365,37.6968,127.016426
19477949,진옥자전거캠프-서울둘레길3구간(강일-상일)(JOBC),932,1287,3.05,0.4,Gangdong-gu,37.56279,127.15746,37.545853,127.16682
6231504,Segment,930,1727,0.5,10.1,South Korea,37.66514,126.953032,37.667359,126.95628
26434119,남양주 체육문화센터 반시계방향,929,153811,0.41,0.1,Namyangju-si,37.605459,127.177507,37.60546,127.177556
14525362,중산트랙,929,188274,0.45,0.0,Goyang-si,37.691416,126.77871,37.691552,126.778737
13873770,휴레 우장산TR A코스,922,18025,1.54,0.0,Seoul,37.549154,126.842697,37.549197,126.842644
21967535,서서울호수공원 호수변,920,29363,0.66,0.0,Yangcheon-gu,37.527963,126.829639,37.528002,126.829596
1237484,Seoul Korea Park Run,916,7142,1.99,0.0,서울특별시,37.5111568,127.0501283,37.5111724,127.050058
27188022,호암늘솔길,914,2305,1.01,4.4,Geumcheon-gu,37.445887,126.918738,37.451634,126.924686
36709937,[HOTRC] 미음나루 업힐_덕소방향 (by.구르는팬더),911,1769,0.6,6.7,다산2동,37.585992,127.173931,37.590464,127.1761
4554989,Segment,900,1665,0.71,6.7,South Korea,37.58551,127.172163,37.58991,127.175983
6169530,sinnonhyeon hill,900,1625,0.37,10.1,South Korea,37.50476,127.024851,37.505872,127.028697
28309763,남양주 체육문화센터 1KM,893,70229,1.0,-0.0,Namyangju-si,37.605494,127.177502,37.606391,127.178071
15776404,여의도 8.2km,888,2103,8.15,0.0,Seoul,37.529377,126.91072,37.529348,126.910656
6231507,Segment,884,1692,1.07,7.6,South Korea,37.685159,126.962217,37.690271,126.968183
6231506,Segment,881,1681,0.61,8.7,South Korea,37.679673,126.961585,37.68325,126.963974
19639448,진옥자전거캠프-망우산순환코스(언덕구간1)(JOBC),875,4381,1.29,7.7,Jungnang-gu,37.597871,127.115273,37.592437,127.115864
12067541,Omokgyo Bridge E-W,870,3344,0.27,2.1,Seoul,37.52359,126.881271,37.524004,126.87823
6023024,Haebangchon,865,1774,0.95,6.7,South Korea,37.538592,126.986624,37.54626,126.985474
27413375,진옥자전거캠프-북한산(가사당암문-증취봉)(JOBC),865,1334,0.72,18.0,고양시,37.646024,126.961133,37.642426,126.965438
19410641,진옥자전거캠프- 고덕산전망대(JOBC),864,1834,0.27,15.6,Gangdong-gu,37.565426,127.142166,37.565777,127.14471
6573347,북한산 둘레길 12코스 / Bukhansan Trail #12,860,1588,3.43,1.4,South Korea,37.679328,126.961546,37.700211,126.970241
39317477,은평뉴타운 10단지 실개천 (북-남)_by Jake,858,19165,0.47,1.1,Jingwan-dong,37.64357,126.915839,37.639897,126.917856
6081446,Segment,858,1312,0.36,16.3,South Korea,37.643556,126.962352,37.642803,126.965395
1510864,방배4동 산17 3 Climb,853,3017,0.34,13.9,서울특별시,37.4940205877996,127.00313832622672,37.49249596152221,127.00042619381752
28028127,양천공원 둘레코스 by Derrick,853,61437,0.73,-0.2,Yangcheon-gu,37.518883,126.868226,37.518904,126.868136
13873850,휴레 우장산TR B코스 900m,851,9208,0.92,5.0,Seoul,37.553883,126.843524,37.551265,126.84231
6231503,Segment,851,2047,0.66,13.1,South Korea,37.636681,126.919556,37.638857,126.925544
9022750,경의선공원,846,6932,1.15,0.0,Seoul,37.544981,126.947042,37.544966,126.946968
37760515,은계호수공원 400m 전력질주,833,49873,0.4,1.2,Eunhaeng-dong,37.44409,126.80774,37.447141,126.806493
29743784,까치울 언덕,830,5155,1.08,1.7,Bucheon,37.506109,126.811012,37.496713,126.808342
32297898,앵봉산 (보덕사-의무경찰대),828,1470,2.75,-1.3,Eunpyeong-gu,37.6367,126.913979,37.619928,126.907728
6522624,Segment,819,1363,1.08,6.9,South Korea,37.470829,126.989138,37.468671,126.999834
26817776,수석동_깔딱,799,1873,0.32,11.9,Namyangju-si,37.590954,127.179507,37.590413,127.176077
9202368,Dangjak Climb #4,792,2915,0.65,3.9,Seoul,37.493544,126.966068,37.497129,126.961938
28002175,대성문,789,1281,0.11,28.6,Seoul,37.631831,126.974535,37.63156,126.975476
26460233,진옥자전거캠프-북한산우이령길(오봉전망대-우이령)(JOBC),789,1714,2.12,7.4,Yangju-si,37.694771,126.981773,37.683962,126.997417
6069352,Segment,777,1284,1.26,3.8,South Korea,37.62277,127.087036,37.631219,127.088948
9202344,Dangjak Climb #1 ,774,2527,0.37,12.5,Seoul,37.501705,126.980808,37.499565,126.981246
16288754,동네한바퀴,774,3922,2.02,-0.1,Seoul,37.478672,127.042853,37.478772,127.042893
19818844,진옥자전거캠프-용마산(용마폭포삼거리-용마봉)(JOBC),771,2164,0.33,31.1,Gwangjin-gu,37.568499,127.094276,37.570938,127.095806
4413796,Segment,768,1271,0.56,27.9,South Korea,37.63066,126.967747,37.63223,126.972055
17319000,육모정고개-영봉,767,1484,1.32,11.0,Seoul,37.67093,126.993994,37.66354,126.988439
6022658,Segment,766,1455,0.64,10.6,South Korea,37.522913,127.019703,37.517498,127.01904
4135954,Segment,744,1254,0.86,5.3,South Korea,37.441814,127.083314,37.445404,127.088176
21201994,진옥자전거캠프-서울둘레길3구간(상일쉼터-해맞이광장왕복)(JOBC),735,3875,3.9,-0.0,Hanam-si,37.540836,127.16454,37.54099,127.16463
24299082,북한산 대남문 ~ 대동문,725,1108,1.72,-6.6,Jongno-gu,37.63201,126.974451,37.640395,126.986024
22902984,부천중앙공원6바퀴,723,5971,9.92,0.0,Bucheon,37.501721,126.764345,37.501752,126.764375
15402974,일산 호수공원 [폭포광장 1바퀴 by HOya],710,1899,1.01,-0.0,Goyang-si,37.650452,126.76755,37.650363,126.767689
15225794,마포TR 6KM,706,1410,5.93,-0.0,Seoul,37.538001,126.941005,37.538549,126.940695
21064655,진옥자전거캠프-성남누비길(인능산입구-범바위산)(JOBC),701,1122,2.48,5.7,Seocho-gu,37.437596,127.073866,37.444958,127.087709
21426894,진옥자전거캠프-용마산(깔딱계단)(JOBC),696,1309,0.39,33.8,Jungnang-gu,37.571677,127.089034,37.570436,127.092507
37760520,은계호수공원 중앙데크 출발 한바퀴,686,33625,1.15,0.2,Eunhaeng-dong,37.445143,126.805077,37.445078,126.805246
24223970,경의선 숲길 공덕역 구간,683,4662,1.47,0.2,Mapo-gu,37.544214,126.948507,37.54407,126.948329
21150424,진옥자전거캠프-성남누비길(내곡터넝초입)(JOBC),682,1092,0.4,17.7,Seongnam-si,37.439181,127.072137,37.442144,127.072818
13585492,일감호,680,10802,1.08,-0.0,Seoul,37.539333,127.076826,37.539252,127.076664
13127102,Goduck 6km,680,7931,6.04,-0.1,Seoul,37.55136,127.173589,37.55136,127.17375
9202390,Danjak evergreen decent ,673,1897,1.13,-6.0,Seoul,37.497211,126.961295,37.503659,126.95448
10601182,Loop de Loop (CW),670,35356,0.68,0.0,Goyang-si,37.626785,126.829491,37.626712,126.82944
25565593,철산대교_금천교,667,2458,1.44,0.0,Gwangmyeong-si,37.474603,126.876612,37.465546,126.885709
23331671,Up from the front,666,2071,0.26,13.6,Seocho-gu,37.492879,127.001339,37.491447,126.999566
21064635,진옥자전거캠프-성남누비길(옛골-내곡동터널위)(JOBC),661,1043,1.74,11.4,Seongnam-si,37.431013,127.071937,37.442341,127.072238
21074200,진옥자전거캠프-성남누비길(인능산등산로입구-내곡터널)(JOBC),661,1038,2.0,7.8,Seongnam-si,37.434593,127.076025,37.441046,127.080843
10454272,아식스 러닝클럽,657,11507,0.74,0.0,Seoul,37.517474,127.007582,37.517489,127.007592
20204917,기원정사 오르막,656,2570,0.31,11.5,Gwangjin-gu,37.554982,127.093454,37.556651,127.09586
17525597,성남종합운동장 한바퀴,653,15041,1.11,0.0,Seongnam-si,37.432229,127.139428,37.432198,127.140566
6924327,매봉/Maebong Climb,650,1165,3.83,13.1,South Korea,37.451072,127.043167,37.428917,127.044697
10201836,감사원 업힐 - 감사원,649,1027,0.37,8.7,Seoul,37.586836,126.981657,37.586539,126.984877
20936284,KOREA FKT_2019_02_북한원효_버티컬,644,1222,0.94,30.7,Goyang-si,37.657819,126.957027,37.658101,126.963916
21064649,진옥자전거캠프-성남누비길(옛골-범바위산)(JOBC),644,992,3.47,6.0,Seongnam-si,37.431304,127.072338,37.444914,127.087568
30076674,지도공원 1바퀴,641,35614,0.68,0.0,Goyang-si,37.625318,126.830034,37.625313,126.830055
21149268,Seorae Island(CCW),639,2177,1.33,0.0,Seocho-gu,37.508835,126.992081,37.508797,126.992104
18377335,건설환경종합연구소-연주암,635,1007,1.61,23.1,Seoul,37.447224,126.949625,37.442077,126.964391
12306316,SNU subway to entrance uphill 650m,631,2304,0.68,9.2,Seoul,37.478014,126.952312,37.472035,126.953208
21711279,Sukcheon Green Path to Toegyewon (by Running Lawyer),623,3940,1.64,0.5,Guri-si,37.630698,127.145037,37.643989,127.145881
3716915,Segment,611,930,0.46,15.3,South Korea,37.4839657,127.18204838,37.48539992,127.17745341
14091996,석촌고분공원(반시계방향),608,18594,0.85,-0.1,Seoul,37.501406,127.102458,37.501372,127.102367
2326259,중곡4동 143 134 Climb,607,1486,0.56,15.3,서울특별시,37.5532684326172,127.101005554199,37.5565490722656,127.104377746582
6280518,Segment,601,989,0.48,14.3,South Korea,37.479201,127.0163,37.476515,127.01797
27851698,"Seoul, uphill from the river to police station",599,1214,0.14,8.2,Gangnam-gu,37.508217,127.068487,37.508147,127.067748
4957565,Segment,595,1057,0.59,13.4,South Korea,37.6871,127.035333,37.691867,127.033404
1510863,반포4동 49 6 Climb,586,1575,0.84,6.2,서울특별시,37.50352080449229,127.0059354511341,37.49721912204986,127.00763119396474
19639522,진옥자전거캠프-망우산(나무계단-정자)(JOBC),580,2428,1.11,2.5,Guri-si,37.579796,127.102864,37.586546,127.110032
26205072,진옥자전거캠프-북한산(염초봉갈림길-백운대-보리사)(JOBC),575,763,3.14,-6.6,Goyang-si,37.655855,126.97259,37.652625,126.962736
19436144,진옥자전거캠프- 터미널구간(JOBC),569,896,0.34,10.6,Seocho-gu,37.448591,127.03766,37.451289,127.03663
16580543,Cheongnim Harmony Path,564,47117,0.51,-2.6,Seoul,37.486153,126.962067,37.490246,126.960464
6638054,파리공원,563,27396,0.73,0.0,South Korea,37.533844,126.876819,37.533825,126.876781
34214202,일산역-반려동물공원 1.7k 회전 구간,561,8241,1.69,0.0,Ilsanseo-gu,37.682225,126.768206,37.682238,126.76817
6931268,△북한산: Jokduribong Climb,551,786,1.06,24.1,South Korea,37.614486,126.933989,37.617705,126.942022
21644250,Guri Track,547,25906,0.4,-0.2,Guri-si,37.589945,127.163593,37.589938,127.163626
11687717,인왕산자락길1,546,1917,2.27,2.4,Seoul,37.575763,126.965642,37.591345,126.966396
12412903,"The smoke, the feeling ",541,1951,0.32,4.6,Seoul,37.503853,127.067361,37.505532,127.068132
35263217,대방공원트랙_JH,537,90371,0.33,-0.7,Daebang-dong,37.507432,126.927654,37.507424,126.927655
19811809,과기대 200m 업힐 @ddamdo,531,8280,0.29,7.1,Nowon-gu,37.631757,127.082428,37.63383,127.081809
6081447,Segment,521,716,0.77,19.4,South Korea,37.639754,126.967762,37.634618,126.969669
26817629,상암 월드컵경기장 둘레 한 바퀴,520,2920,0.82,0.0,Mapo-gu,37.56716,126.896805,37.567156,126.896795
21102177,휴먼링 시계방향(꿈에그린),520,5936,4.35,0.0,Songpa-gu,37.476179,127.137719,37.47615,127.137964
21074178,진옥자전거캠프-성남누비길(인능산등산로입구-인능산정상)(JOBC),515,1012,2.97,5.9,Seongnam-si,37.434608,127.07601,37.445038,127.087848
18915927,Golf to the sky,512,2183,1.51,7.3,Seongbuk-gu,37.602128,126.997216,37.60706,126.985562
21064639,진옥자전거캠프-성남누비길(옛골-인능산)(JOBC),510,1023,2.54,7.7,Seongnam-si,37.431304,127.072338,37.441043,127.080863
10831175,Wooden Stairs near Nanji ,510,1718,0.16,24.4,Seoul,37.572465,126.871915,37.573208,126.872652
18355419,창골축구장 트랙,508,64220,0.38,-0.0,Seoul,37.648723,127.041394,37.648691,127.041438
25894264,진옥자전거캠프-북한산(대남문.원효봉갈림길-백운대-대남문.원효봉갈림길)(JOBC),505,674,3.36,-0.0,Goyang-si,37.652486,126.962761,37.65237,126.962731
23927990,휴먼링 4.3km(위례수변공원 분수대),502,6502,4.35,0.0,Seongnam-si,37.469846,127.142855,37.469878,127.142857
19460481,진옥자전거캠프- 서울둘레길3구간-일자산구간해맞이광장(JOBC),500,745,0.99,5.9,Gangdong-gu,37.522118,127.14634,37.528515,127.15255
4967532,Segment,493,3054,0.48,8.6,South Korea,37.597123,127.003147,37.601082,127.001304
19177419,진옥자전거캠프-광장중학교_고구려정삼거리,490,749,1.48,10.7,Gwangjin-gu,37.54697,127.102416,37.558135,127.103645
32646123,"BX 오정대공원 트랙 1,000m TT",489,24412,1.0,-0.0,Bucheon,37.529437,126.794496,37.53047,126.79392
24436808,이노스타_두물머리동,483,4565,1.89,-0.4,Namyangju-si,37.668183,127.133563,37.653038,127.128243
20587020,노원마라톤5K,482,1307,4.97,-0.0,Nowon-gu,37.652762,127.054608,37.652795,127.054638
22443947,기림산CC 한바퀴,480,17496,2.32,-0.0,Gwangmyeong-si,37.462384,126.870982,37.462683,126.87054
6377254,Segment,476,758,0.72,10.5,South Korea,37.638847,127.00707,37.63366,127.00611
21262595,Outside SORI park,474,12042,0.8,-0.0,Songpa-gu,37.482712,127.120599,37.482607,127.121073
11605545,정발산로 climb,471,11560,0.77,5.7,Goyang-si,37.668108,126.780536,37.661816,126.779038
24298469,중랑천 뚝방길 (중랑교 방향),467,3648,1.2,0.3,Jungnang-gu,37.581609,127.078355,37.590928,127.071807
6280520,Segment,463,664,1.07,8.4,South Korea,37.460783,127.048169,37.467778,127.051168
39583648,가림둘레 RUN CW,447,15750,2.4,0.0,Haan 1(il)-dong,37.463653,126.864828,37.46365,126.864836
12276391,SNU engineer hard uphill 600m,445,1375,0.65,10.2,Seoul,37.453363,126.953617,37.447874,126.95209
22797924,진옥자전거캠프-서울둘레길3구간(고덕산)(JOBC),443,856,0.18,16.1,Gangdong-gu,37.564125,127.148548,37.563601,127.14675
15105836,관악산입구 임도길1회전,440,4328,3.11,-0.1,Seoul,37.468211,126.946354,37.468205,126.946247
12170501,고척근린공원-러닝트랙,428,22310,0.8,0.0,Seoul,37.504252,126.852127,37.50427,126.852132
22797855,진옥자전거캠프-서울둘레길3구간(강일깔딱고개구간)(JOBC),426,843,0.36,8.6,Gangdong-gu,37.562857,127.154989,37.563791,127.15147
1592983,회현동1가 205 2 Climb,426,1217,0.8,6.8,서울특별시,37.55860085,126.97684597,37.55535743,126.9814893
22973585,북종점_두물머리,424,7337,2.64,-0.4,Namyangju-si,37.674203,127.134817,37.653736,127.128295
15215711,지도공원(up&down) 5바퀴(약3.5km),422,4874,3.52,-0.0,Goyang-si,37.626884,126.82796,37.62664,126.827877
20970436,장미공원 트랙 (800m/반시계),418,10354,0.81,0.0,Dongdaemun-gu,37.604652,127.073181,37.604643,127.073191
22973460,두물머리_북종점,404,6293,2.62,0.5,Namyangju-si,37.653747,127.128303,37.674224,127.134825
16342561,천공한바퀴,403,41511,0.48,-0.0,Seoul,37.544986,127.126121,37.544902,127.12622
26025421,어대트랙 5k By 대공원King,392,2950,5.03,0.1,Gwangjin-gu,37.5473,127.08426,37.547714,127.083992
9666752,Hyochang Park Station to Hyochang Park,391,1044,0.56,3.0,Seoul,37.539585,126.961591,37.54442,126.962123
30400919,QRC-신호 전 아우토반 with 거름냄새,387,4300,0.86,-0.1,Guro-gu,37.476393,126.818958,37.469955,126.824367
28413823,진옥자전거캠프-북한산(복덕봉구간)(JOBC),382,618,0.53,17.3,Goyang-si,37.633469,126.988449,37.636518,126.984611
6060116,Segment,376,1058,0.69,6.6,South Korea,37.473797,126.992668,37.474144,127.000206
25824234,진옥자전거캠프-망우산(동화천-계단입구)(JOBC),373,889,0.9,0.0,Guri-si,37.581673,127.110174,37.578937,127.103242
30400956,NFD-구일 5km 런,373,946,5.26,0.0,Guro-gu,37.495033,126.870843,37.494988,126.870823
30076681,충장근린체육공원 1바퀴,366,37299,0.45,0.0,Goyang-si,37.614884,126.825128,37.614898,126.825118
25392937,진옥자전거캠프-망우산(망우산등산로구간)(JOBC),354,1218,0.7,11.2,Guri-si,37.595019,127.119943,37.593086,127.113205
26720535,위례그린공원 업힐(300M) by WBD,349,5483,0.3,5.0,Seongnam-si,37.468481,127.150886,37.468486,127.154317
30983821,국궁장 200m Drag,348,4136,0.23,6.6,Gwangmyeong-si,37.463284,126.86436,37.461872,126.862531
24298355,중랑천 뚝방길 (장안교 방향),347,3483,1.23,-0.3,Jungnang-gu,37.591126,127.071843,37.581546,127.078385
5048155,Segment,346,968,0.33,19.6,South Korea,37.488004,127.176805,37.485569,127.177704
19286498,[Tom's] Jokduri slippy bum descent,344,429,1.09,-19.9,Eunpyeong-gu,37.618772,126.943067,37.614625,126.935068
13529134,소래산_800계단,343,1204,0.47,33.3,Incheon,37.450634,126.774668,37.451803,126.77867
18165731,숭실대뺑뺑이,340,24531,0.36,-0.1,Seoul,37.497572,126.955426,37.497566,126.955399
26722292,Mt. Umyeon (우면산) sidewalk (east),340,578,1.02,-1.9,Seocho-gu,37.482185,127.025829,37.473539,127.029684
5652647,Gayang 10k,340,686,9.96,0.0,South Korea,37.562681,126.864535,37.562404,126.864899
4644866,Segment,336,555,2.13,12.5,South Korea,37.622189,126.98093,37.632063,126.97452
28309771,남양주 체육문화센터 10KM,335,1495,10.0,0.0,Namyangju-si,37.605494,127.177502,37.605492,127.177531
28344699,문래공원,334,19948,0.73,0.2,Mullaedong 3(sam)-ga,37.516898,126.894369,37.516858,126.894287
9238763,부천종합운동장~원미산 정상 ,328,680,1.14,6.5,Bucheon,37.505985,126.800114,37.498242,126.802242
20861170,Bangbae to Sadang Hill,327,971,1.12,-0.9,Seoul,37.481463,126.997664,37.477522,126.987229
15101592,[HUMANRACE] University of seoul_Campus_Right,316,16198,1.41,0.0,Seoul,37.583218,127.05546,37.583228,127.055458
18053407,K-16 Lap (start by goal),312,15446,0.39,-0.0,Seongnam-si,37.452352,127.107956,37.452339,127.107974
5125219,Segment,312,512,0.31,16.8,South Korea,37.444852,126.968142,37.447067,126.969396
3282285,송정로 <-> 군자교,311,1439,5.05,-0.0,Seoul,37.551854,127.047366,37.551907,127.047324
16326328,동대문마라톤10K코스,308,383,9.87,-0.0,Seoul,37.566327,127.0753,37.566312,127.075301
26722275,Yeokgok Stream (역곡천),307,1624,3.27,0.1,Gwangmyeong-si,37.465852,126.841608,37.48257,126.819593
27298096,진옥자전거캠프-도봉산(원도봉.도봉탐방로삼거리-쉼터3)(JOBC),303,575,0.9,17.7,Euijeongbu,37.700694,127.027573,37.700937,127.019768
26151400,TRB산러너_남부순환도로_관악산둘레길_오르막,302,2078,0.47,0.0,Gwanak-gu,37.474883,126.970974,37.471027,126.97056
21752485,진옥자전거캠프-수락산(수락골-수락터널)(JOBC),301,563,0.99,6.5,Nowon-gu,37.68222,127.059646,37.685851,127.069009
23344131,New hill out back,300,1162,0.41,10.5,Seocho-gu,37.488341,127.000667,37.491574,127.000101
19565106,진옥자전거캠프-서울둘레길3구간(상일-강일)(JOBC),299,416,3.11,-0.3,Sangil-dong,37.54572,127.166725,37.562958,127.15696
27391198,진옥자전거캠프-도봉산(다락원삼거리-은석암)(JOBC),295,479,0.92,14.5,Euijeongbu,37.69192,127.033263,37.69866,127.029184
6280522,Segment,294,503,0.43,10.2,South Korea,37.455358,126.936798,37.452896,126.935912
7713860,Rose Run 태릉입구-중화,293,1335,1.58,-0.1,Seoul,37.61623,127.074597,37.602602,127.074118
29544879,Stairs of Hoapsa Temple (호압사),292,692,0.3,31.1,Geumcheon-gu,37.452679,126.92609,37.450668,126.926678
30260044,체육공원 1 lap,287,6912,0.98,-0.1,Goyang-si,37.661967,126.844343,37.661998,126.844292
7641157,북악스카이웨이(하늘한마당->팔각정),285,1116,3.98,3.5,,37.595979,127.006592,37.602282,126.981966
19818814,진옥자전거캠프-용마산(용마폭포-용마봉)(,285,503,1.0,24.8,Gwangjin-gu,37.570331,127.088707,37.570938,127.095806
19367795,진옥자전거캠프- 용마공원 - 깔닥계단(JOBC),284,966,0.23,39.7,Gwangjin-gu,37.562252,127.09591,37.562782,127.09365
9612217,베르네천 1바퀴,283,7333,1.65,0.0,Bucheon,37.513656,126.80547,37.513714,126.805513
21091723,북한산 둘레길 10코스 / Bukhansan Trail #10(NEW),283,356,3.69,0.4,Eunpyeong-gu,37.647273,126.938358,37.662382,126.951122
22324355,역곡로,282,1853,1.77,0.0,Bucheon,37.49025,126.80912,37.505802,126.811005
30441524,Baekseok Hosu Straight 일산 백석 호수로,282,1074,1.25,-0.1,Goyang-si,37.644677,126.777443,37.637023,126.787568
18606119,고려대 녹지 운동장 1LAP,280,17451,0.37,-0.2,Seoul,37.591606,127.025734,37.59153,127.025696
4506718,Segment,279,452,1.07,15.6,South Korea,37.690435,127.008155,37.697597,127.011199
15016882,[HUMANRACE] 뚝섬TR 10K,276,579,10.01,0.0,Seoul,37.531012,127.065154,37.531161,127.064356
38634679,고양생태공원 (E),274,472,1.39,0.8,Daedeok-dong,37.591726,126.831559,37.58594,126.844024
11230987,정발산 1회전,274,8675,1.57,-0.0,Goyang-si,37.668059,126.780525,37.6681,126.780495
21239097,용괴,273,2122,0.36,9.4,Yangcheon-gu,37.541307,126.876616,37.54308,126.877102
13788190,주차장기준 시계방향으로 한바퀴,271,1266,4.54,-0.1,Seoul,37.597863,127.115192,37.597708,127.114873
5846867,Commissary to Gas Station,268,1355,0.67,3.7,South Korea,37.527458,126.990238,37.532816,126.988634
27765572,진옥자전거캠프-북한산(우이.방학갈림길-우이암)(JOBC),267,431,1.64,16.7,Dobong-gu,37.674831,127.014118,37.684959,127.008629
38364826,천왕산 업힐,265,1159,0.56,2.6,Oryu 2(i)-dong,37.488367,126.835214,37.485647,126.829944
5948918,Segment,265,914,0.57,10.5,South Korea,37.566275,126.958324,37.569114,126.954054
38634673,행주 잔도길 (W),264,667,1.03,0.8,Haengju-dong,37.594205,126.831078,37.595437,126.821365
41052040,구름산0,262,619,1.26,13.9,Hagon-dong,37.445962,126.859107,37.440677,126.866184
29682071,진옥자전거캠프-노고산(전망대구간)(JOBC),260,377,0.36,17.5,Goyang-si,37.674935,126.943811,37.677878,126.944116
17220825,NBR277 C코스,259,22886,1.97,0.0,Bucheon,37.540769,126.820111,37.540791,126.820151
16086545,서달산자락산책길#1,258,753,0.43,1.4,,37.494868,126.961983,37.498023,126.960285
19367802,진옥자전거캠프- 쉼터 - 용마산정상(JOBC),258,867,0.75,17.8,Gwangjin-gu,37.56518,127.09374,37.571198,127.095665
19025582,Hyochang Stadium Reverse 400m,257,36433,0.43,0.0,Yongsan-gu,37.543773,126.961673,37.543763,126.961687
30494266,장자호수공원 2k 시계반대방향!,257,1733,2.02,0.1,Guri-si,37.584681,127.141069,37.584609,127.14107
15225787,잠실TR 10KM,254,867,10.02,-0.0,Seoul,37.518287,127.081544,37.518081,127.081515
29682103,노고산,253,389,0.25,23.4,Goyang-si,37.680657,126.943618,37.682503,126.944914
38556273,Helio City Park Band Loop,252,11251,1.54,0.3,Garak 1(il)-dong,37.498673,127.110276,37.498624,127.11037
8241912,Ewha track CCW,251,13115,0.22,-0.1,Seoul,37.559967,126.944416,37.559985,126.944283
29457991,진옥자전거캠프-노고산(노고산정상)(JOBC),251,388,0.26,21.7,Goyang-si,37.680655,126.943628,37.682666,126.944938
40691847,대장천 질러질러,250,2247,1.18,-0.2,화정1동,37.644476,126.82545,37.634296,126.821562
29515332,진옥자전거캠프-노고산(전망대-노고산)(JOBC),249,366,0.53,7.3,Goyang-si,37.678454,126.943714,37.682666,126.944938
25835690,무너미고개 → 학바위능선 → 소머리바위,246,321,1.74,18.6,Gwanak-gu,37.439055,126.947938,37.440937,126.963391
20446497,강남릴레이구간,243,989,2.86,-0.0,Gangnam-gu,37.493258,127.071997,37.493242,127.071806
27674264,정발산로  to peak,242,928,0.81,8.9,Goyang-si,37.659991,126.772972,37.663514,126.779395
31522363,개운산공원 (북쪽),239,2948,0.32,-6.9,Seongbuk-gu,37.597459,127.026043,37.60021,127.026852
15362922,Climb,239,633,0.53,3.4,Seoul,37.519762,127.056959,37.516232,127.053953
22660585,IrwonEcoPark Small Loop J.K,235,10603,0.53,0.5,Gangnam-gu,37.494712,127.086935,37.49469,127.08694
29527872,2. 도래울~Benz구간 1km 구간_Team KFC,230,2065,0.69,-0.2,Goyang-si,37.627092,126.87385,37.633074,126.873444
24772791,TRB - 북한산 기자능선 버티컬,230,324,0.58,29.5,Eunpyeong-gu,37.631974,126.941645,37.628701,126.944563
3429509,석수1동 산65 Climb,227,290,0.76,13.1,Anyang Si,37.4438819885254,126.934204101562,37.4393692016602,126.937812805176
6483079,Seoul Flyers 10k Loop,225,1431,9.88,0.0,South Korea,37.517425,126.970055,37.517384,126.970026
21788552,진옥자전거캠프-관악산(낙성대갈림길-연주대-낙성대갈림길)(JOBC),225,476,5.12,0.0,Gwanak-gu,37.461426,126.97046,37.461494,126.970566
40064690,대장천 직선주로,223,3054,1.18,0.4,화정1동,37.644563,126.825013,37.634403,126.821138
21920176,진옥자전거캠프-관악산(과천중학교-등산로입구)(JOBC),221,372,0.43,9.0,Gwacheon-si,37.43358,126.989513,37.433909,126.985191
6022659,Segment,221,319,0.68,7.9,South Korea,37.50758,127.023063,37.504952,127.026946
29743793,석왕사길,220,677,1.35,2.6,Bucheon,37.484681,126.794295,37.496336,126.795717
21092230,zzu2.4K,219,871,2.37,-0.1,Hanam-si,37.569345,127.180555,37.569552,127.180984
19558422,진옥자전거캠프-남한산성(송신소도로)(JOBC),218,1461,0.45,11.1,Gwangju-si,37.475161,127.18297,37.471597,127.183526
27024636,Dorim Reservior Track,218,25021,0.23,0.0,Yeongdeungpo-gu,37.506723,126.897868,37.506718,126.897859
18168336,방화근린공원0.76km,216,6804,0.77,0.0,Seoul,37.581074,126.814099,37.581077,126.814085
16942777,NBR277 5K,214,7395,5.01,-0.3,Bucheon,37.541272,126.825287,37.543726,126.819057
30291465,진옥자전거캠프-거마산(인공-거마산)(JOBC),213,583,0.74,22.1,Namdong-gu,37.460525,126.764462,37.466285,126.765656
25824336,진옥자전거캠프-망우산(시루봉-동화천)(JOBC),211,422,1.3,3.1,Guri-si,37.580944,127.11403,37.578951,127.10328
38634670,행주잔도길 (E),211,438,1.03,-0.7,Haengju-dong,37.595532,126.821332,37.594357,126.83094
22231753,진옥자전거캠프-불암산(상계동-불암산정상)(JOBC),207,382,1.72,23.3,Nowon-gu,37.662223,127.079289,37.663661,127.095117
33870669,은빛글린공원 full lap,204,9348,0.72,0.0,덕양구,37.639408,126.83711,37.639424,126.837131
37511320,옥길함박업힐,203,1901,1.29,1.1,Beoman-dong,37.466106,126.829341,37.462391,126.819041
21806672,안양천 코스,202,820,5.4,0.0,Geumcheon-gu,37.478332,126.87599,37.478337,126.875933
9188220,put put - Collier Field,201,1748,0.44,-0.5,Seoul,37.525039,126.982318,37.52533,126.977304
5494470,Segment,200,493,0.54,8.5,South Korea,37.552035,126.840404,37.551278,126.843358
26381297,진옥자전거캠프-북한산우이령길(석굴암구간)(JOBC),199,219,0.68,11.6,Yangju-si,37.689865,126.992324,37.694933,126.994176
4388285,Segment,198,538,0.86,7.2,South Korea,37.551535,127.090434,37.553073,127.09873
13637576,KR-Seoul: Dogok-ro - Teheran-ro 1km Block,197,505,0.92,1.2,Seoul,37.494357,127.047089,37.502066,127.043293
9502646,성주산_공수 약수터 업힐 ,197,710,0.45,15.0,Incheon,37.462672,126.773467,37.462601,126.777797
26024415,부종운 half,196,387,21.61,0.0,Bucheon,37.501779,126.798086,37.502893,126.800284
25835569,구름산 → 가학산,195,316,2.16,-0.5,Gwangmyeong-si,37.440427,126.86627,37.428005,126.867395
22376930,진옥자전거캠프-불암산(정상깔딱계단)(JOBC),193,391,0.33,20.4,Namyangju-si,37.663499,127.097124,37.663433,127.095177
21490050,YNRA_Pureun Loop A,192,4184,1.3,0.2,Guro-gu,37.484422,126.823733,37.484359,126.823488
5651961,Segment,192,425,0.47,10.5,South Korea,37.556126,127.110102,37.55544,127.108156
22160254,별내에너지_두물머리,192,2547,2.43,-0.6,Namyangju-si,37.670698,127.115196,37.652639,127.12706
34219569,Baengnyeonsan stairs,191,435,0.27,26.9,Eungam 2(i)-dong,37.594259,126.926269,37.593532,126.928323
22376863,진옥자전거캠프-불암산(석천암-깔딱고개)(JOBC),191,383,0.41,40.6,Namyangju-si,37.65989,127.096659,37.663166,127.097108
11890967,삼막사 주차장-철탑 (런 1회전),191,760,6.68,0.0,Anyang,37.437028,126.92402,37.437153,126.92421
16356899,광장동 구리 왕복 10Km,189,911,9.63,0.0,Seoul,37.540876,127.104415,37.540886,127.104422
5233428,Segment,188,1330,0.95,8.8,South Korea,37.601496,127.012191,37.597674,127.005792
29268335,팔각정쉼터,184,624,0.28,22.9,Bucheon,37.471686,126.78157,37.471879,126.778484
34037687,미사 북측공원 대회전,183,4109,2.16,-0.1,Misa 2(i)-dong,37.577168,127.180889,37.57719,127.180849
24035051,TRB - 남한산성 계단 지옥 서문 전망대,181,433,1.01,27.7,Hanam-si,37.487236,127.168681,37.48508,127.17587
5327623,Segment,177,230,1.13,8.7,South Korea,37.485966,126.968567,37.493832,126.962045
19818775,진옥자전거캠프-아차산(고구려대장간-고구려정삼거리)(JOBC),177,336,0.9,16.3,Guri-si,37.561074,127.110274,37.559159,127.102423
32976522,대왕파출소까지,176,321,1.2,0.3,,37.47527,127.1062,37.465033,127.107398
16130309,[hirun]월곡인조잔디축구장,176,16747,0.43,-0.1,Seoul,37.608256,127.039812,37.608172,127.039869
29681864,진옥자전거캠프-노고산(삼하리갈림길-노고산-삼하리갈림길)(JOBC),169,260,0.67,3.9,Goyang-si,37.680586,126.943523,37.679425,126.943186
23331982,시그마 코스 by TerranGosu,166,469,7.81,0.0,Namyangju-si,37.602465,127.150618,37.602438,127.15044
15051627,부천보조경기장트랙,166,35911,0.4,0.0,Bucheon,37.504839,126.799944,37.504848,126.799924
1448526,서초1동 1185 Climb,166,1083,1.04,12.6,서울특별시,37.48249815311283,127.0204734429717,37.475852645002306,127.01678783632816
22762067,IrwonMaruPark Big Loop J.K,165,3718,0.91,0.0,Gangnam-gu,37.495542,127.081841,37.495548,127.08185
30223260,진옥자전거캠프-삼성산(2전망대)(JOBC),163,262,0.2,38.5,Anyang,37.42875,126.926071,37.429815,126.92707
14144964,은평뉴타운 - 옆에,161,825,1.44,-1.4,Seoul,37.62684,126.919484,37.639172,126.916518
16278857,은총이철인대회-Run,161,173,9.99,0.0,Seoul,37.563261,126.882803,37.563429,126.882799
22335913,TRB - 도봉산 버티컬,160,270,1.1,10.6,Dobong-gu,37.683422,127.010914,37.690365,127.008179
18868731,Please look back,158,736,0.34,7.8,Seoul,37.596299,127.022463,37.594208,127.024889
23066535,진옥자전거캠프-소래산(정상순환코스)(JOBC),157,310,1.14,0.1,Namdong-gu,37.456689,126.778102,37.456634,126.778087
40691845,성사체육공원 한바퀴,156,2734,1.07,-0.0,성사1동,37.663697,126.844676,37.663701,126.844676
19357942,일자산공원 (중간트랙 1바퀴 ccw),156,2468,0.48,0.5,Gangdong-gu,37.532652,127.150676,37.532598,127.150792
23159259,성내천 2.7km,155,377,2.75,0.0,Songpa-gu,37.49924,127.143259,37.499304,127.143264
39576067,가천대트랙 3레인 역방향,155,4996,0.37,0.0,Sujeong-gu,37.454862,127.134822,37.454872,127.134846
21703138,진옥자전거캠프-수락산(수락터널-도솔봉)(JOBC),154,185,1.36,16.9,Nowon-gu,37.683244,127.073404,37.690617,127.084012
6439629,Segment,154,227,2.1,14.2,South Korea,37.433893,126.9071,37.444593,126.921802
31253757,창릉천(수변공원)-창른천(삼송교) 회전구간_TeamKFC,154,614,2.14,-0.1,Goyang-si,37.643262,126.878245,37.643263,126.87823
19729948,진옥자전거캠프-일자산(보훈병원-해맞이광장1)(JOBC),151,558,0.5,15.0,Gangdong-gu,37.527374,127.14822,37.528473,127.15263
25944989,신내 옹기공원 1바퀴,149,5408,0.41,0.0,Jungnang-gu,37.614922,127.088812,37.614861,127.088769
14144958,은평뉴타운 - 앞에,147,1086,1.05,0.4,Seoul,37.630691,126.919518,37.629688,126.930127
34017616,Test 20k,147,152,21.91,0.1,Sujeong-gu,37.463619,127.130044,37.46352,127.129872
23022569,두물머리_별내에너지,145,1020,2.43,0.7,Namyangju-si,37.65302,127.126686,37.671104,127.114574
21490001,YNRA_Pureun Loop,144,1788,1.3,0.1,Guro-gu,37.484431,126.823912,37.484344,126.824093
26726782,창곡천 뺑뺑이(2.5K) by WBD,144,934,2.59,0.0,Seongnam-si,37.469197,127.146778,37.469171,127.146816
21074308,진옥자전거캠프-성남누비길(인능산구간)(JOBC),142,275,1.84,4.5,Seocho-gu,37.452445,127.090742,37.440344,127.081426
24483570,율현공원 cc,141,3414,1.23,0.0,Gangnam-gu,37.474246,127.116723,37.47423,127.116736
27807077,우이암정상계단구간,138,197,0.34,14.0,Dobong-gu,37.685886,127.00997,37.685011,127.008736
11789753,The Fall,138,2077,0.45,-2.9,Seoul,37.512897,126.82925,37.511172,126.832689
36783694,범박동 업힐,138,1056,0.43,3.0,Beoman-dong,37.472488,126.814598,37.475177,126.811798
37511289,생태공원 한바퀴,138,4074,0.62,-0.1,Beoman-dong,37.470521,126.827846,37.470529,126.827842
9599489,망우산한바퀴,136,514,4.06,0.0,Guri-si,37.59495,127.119806,37.595078,127.119897
17265684,홈플신내오르막270m,135,1494,0.28,2.5,Seoul,37.615715,127.092841,37.613456,127.091501
19060753,진옥자전거캠프-금암산_서문옹벽byHS,135,294,2.69,5.2,Hanam-si,37.506599,127.180091,37.485338,127.17794
31522316,미식축구 구경,135,3668,0.3,0.2,Seongbuk-gu,37.596863,127.025015,37.596881,127.025068
27577166,진옥자전거캠프-불암산(불암산-불암사)(JOBC),134,276,1.13,-26.9,Namyangju-si,37.663624,127.095155,37.658738,127.099333
876205,광장동 381 22 Climb,132,432,0.91,5.3,서울특별시,37.54287446208754,127.0942938066124,37.54896534433953,127.09871323305929
19495819,[10k]신정교_안합_신정교_반시계,132,260,10.06,-0.0,Yeongdeungpo-gu,37.516553,126.881555,37.517269,126.879023
21885934,진옥자전거캠프-수락산(내원암-수락산정상)(JOBC),131,170,0.74,30.4,Namyangju-si,37.700212,127.087278,37.699278,127.081355
37581644,수도공고 트랙 5회전 by [CRZ.D] LSH,130,574,2.2,0.0,Gaepo-dong,37.487133,127.062872,37.487089,127.062904
5161983,Segment,129,270,0.91,5.6,South Korea,37.495906,126.955366,37.494361,126.962006
33856335,서삼릉길 1,128,392,0.65,-1.7,덕양구,37.657101,126.875968,37.657496,126.868718
38175885,고척근린공원 러닝트랙 5K,128,992,5.04,-0.0,Gocheok 2(i)-dong,37.50643,126.8517,37.505966,126.850784
30291506,진옥자전거캠프-거마산(쉼터-군부대--거마산)(JOBC),127,568,1.04,6.4,Bucheon,37.474711,126.765477,37.466531,126.765849
25458678,진옥자전거캠프-관악산(관음사갈림길-연주대-관음사갈림길)(JOBC),127,283,6.19,-0.1,Gwanak-gu,37.464636,126.97426,37.464705,126.974095
29491192,Detention Center Uphill-1_JK,127,436,0.33,3.6,Songpa-gu,37.499286,127.126491,37.497168,127.129147
14657070,쌍문동 둘리런 ,126,664,4.77,1.6,Seoul,37.646913,127.025889,37.646993,127.025545
39209754,Le Héron,126,3349,2.29,0.1,다산2동,37.604213,127.157567,37.604078,127.157251
9405407,소래산 업힐(김재로묘~헬기장),126,260,0.64,14.3,Incheon,37.447825,126.766231,37.449311,126.771596
21752518,진옥자전거캠프-수락산(깔딱계단입구-주봉-도솔봉갈림길)(JOBC),125,326,2.21,6.7,Nowon-gu,37.694913,127.076675,37.692457,127.084715
20804843,와우산체육공원,124,631,0.29,0.7,Mapo-gu,37.550867,126.926995,37.550865,126.929241
17170798,WC footpath descent,123,344,0.72,-9.2,Seoul,37.573111,126.893604,37.568561,126.893073
6439630,Segment,123,259,0.67,12.1,South Korea,37.447599,126.925422,37.446371,126.930513
19691923,공항에서한바퀴,120,541,5.32,0.1,Seongnam-si,37.428822,127.11689,37.428854,127.116902
30173045,한국항공대학교 운동장 1바퀴,118,5021,0.34,0.0,Goyang-si,37.601018,126.866184,37.601013,126.866199
6693836,Segment,117,330,1.15,7.3,South Korea,37.474007,126.970761,37.466056,126.968457
15923375,Bugaksan-ro climb,117,683,1.22,6.2,Seoul,37.592481,127.036181,37.594682,127.026251
19323852,북한산자락길 (부분 개통),117,417,4.05,-0.0,Buam-dong,37.59659,126.95298,37.594776,126.942678
2143255,Namsan loop,116,238,7.88,0.0,서울특별시,37.5411526,126.9977576,37.5413186,126.997844
31253742,도래울의장대공원(습지)뺑뻉이_TeamKFC,115,6305,0.42,3.3,Goyang-si,37.62819,126.87391,37.628211,126.873908
26913830,건국에이스- K 코스,114,3262,2.11,0.0,Seongdong-gu,37.542069,127.041654,37.542048,127.041666
19335743,[Tom's] Ecobridge climb to the gate,111,243,2.19,6.1,Eunpyeong-gu,37.598155,126.938063,37.608229,126.951264
33856374,To Seosamneung,108,243,0.54,-0.7,덕양구,37.657878,126.868554,37.662361,126.866768
19638249,[공릉동철길] 언덕뺑뺑이 2바퀴,107,244,0.17,0.5,Nowon-gu,37.631288,127.065674,37.631287,127.06568
38581671,Helio City 2nd Loop,107,1301,1.74,0.1,Garak 1(il)-dong,37.495627,127.103831,37.495621,127.103785
32742077,궁산 언덕500m,106,797,0.43,7.9,Gangseo-gu,37.572484,126.839002,37.574866,126.840694
15847462,Magok Naru Park(M Valley 6&7 Apt.) 1km,106,16380,1.02,0.1,Seoul,37.56589,126.821583,37.565203,126.821889
34031184,땅콩연못 역방향,106,689,0.58,-0.1,Misa 2(i)-dong,37.576587,127.177714,37.576578,127.177733
37598070,은계호수 10k,104,442,10.01,-0.0,Eunhaeng-dong,37.445775,126.804489,37.44699,126.804993
15767923,당산철교 10km,103,154,10.01,-0.1,Seoul,37.536628,126.90535,37.536784,126.905151
37760503,은계호수공원 중앙데크 출발 10KM,102,408,10.04,-0.1,Eunhaeng-dong,37.445143,126.805077,37.446153,126.804823
29268256,진옥자전거캠프-성주산(하오고개-팔각정쉼터)(JOBC),101,242,1.0,7.2,Bucheon,37.476212,126.786357,37.4719,126.778478
27308743,구룡길 250m,99,414,0.27,-0.4,Mapo-gu,37.587649,126.882772,37.588767,126.880089
11789704,Thr Climb,99,1340,0.31,9.2,Seoul,37.514248,126.831096,37.512843,126.829264
24141599,TRB - 쌍바위 약수터 출발,99,278,0.44,25.7,Hanam-si,37.490316,127.16444,37.489218,127.167831
21993874,YNRA_Yeok Gok,98,417,4.85,-0.2,Guro-gu,37.480236,126.819903,37.481646,126.819961
20327419,갈매천,98,867,5.21,-0.0,Guri-si,37.635763,127.117609,37.636282,127.117705
28298058,목감천한바퀴 by 뚜비형,97,493,8.3,0.0,Gwangmyeong-si,37.481402,126.851381,37.481354,126.851394
5720516,Segment,97,132,0.79,6.1,South Korea,37.600645,127.108742,37.601527,127.11619
5562884,Segment,95,160,0.72,14.7,South Korea,37.522702,127.178102,37.527181,127.18272
19638234,N1RC코스:[공릉동철길]좌측왕복_하이파이브런@ddamdo,95,696,2.25,0.1,Nowon-gu,37.631457,127.069886,37.631441,127.070025
12029811,왕숙교 출발 왕복 10키로,94,165,10.01,-0.0,Guri-si,37.603805,127.148825,37.60372,127.14892
20327460,갈매천,94,816,5.31,0.0,Guri-si,37.636498,127.117835,37.636548,127.117912
25184475,TRB-거여공원 한바퀴,93,3658,0.39,0.0,Songpa-gu,37.497293,127.141453,37.497276,127.141435
40064746,대장천 LAP,93,654,2.39,0.0,화정1동,37.644565,126.824978,37.644548,126.825046
25835560,가학산 → 구름산,92,248,2.12,0.5,Gwangmyeong-si,37.42801,126.867419,37.440442,126.866254
21994453,YNRA_남부수자원생태공원,92,687,2.34,-0.1,Bucheon,37.470314,126.828525,37.470438,126.827959
22462810,The ramp by the tunnel Nangok(ascent) 200m sprint by 마부작침,92,283,0.2,10.5,Gwanak-gu,37.478013,126.918071,37.478167,126.919915
27444454,북한산-오봉,92,105,0.31,22.7,Yangju-si,37.694317,127.002181,37.696692,127.001663
36163434,Daegok Loop,90,337,2.43,0.1,화정1동,37.644313,126.825353,37.644422,126.82542
25926063,진옥자전거캠프-용마산(아치울마을-쉼터)(JOBC),89,215,0.46,9.5,Guri-si,37.576509,127.111931,37.577252,127.10721
26665360,Dosin-ro 9-gil down,89,949,0.37,-0.8,Yeongdeungpo-gu,37.507689,126.894927,37.505022,126.897218
18198059,풍동 식골공원 산책로 (1.5km),89,1898,1.49,0.4,Goyang-si,37.667383,126.797738,37.667394,126.797745
9726027,bulgwang stream(불광천) 5km,88,292,5.14,-0.0,Seoul,37.580263,126.906944,37.58042,126.906959
32167626,웃고얀공원5회전,88,2048,1.69,0.0,Bucheon,37.4757,126.81161,37.47563,126.811584
21884653,삼육대 트랙(@y0_hee),87,2604,0.75,-0.1,Nowon-gu,37.641797,127.107493,37.641792,127.10752
29574647,노온정수장트랙,87,2926,0.45,-0.1,Gwangmyeong-si,37.447061,126.856795,37.447021,126.856813
21125245,진옥자전거캠프-서울둘레길3구간(일자산1쉼터-마지막전망대왕복)(JOBC),86,206,5.36,0.0,Hanam-si,37.540199,127.163917,37.540169,127.163882
25459450,A lovely trail,86,568,0.66,-5.3,Dongjak-gu,37.49374,126.948612,37.499023,126.948156
21739532,백석축구장,85,1031,2.51,0.2,Goyang-si,37.648661,126.795028,37.647616,126.794443
29491202,Detention Center Uphill-2_JK,85,767,0.35,3.5,Garak 2(i)-dong,37.499307,127.132035,37.497121,127.129303
32531439,(휴먼링 LSD 3회전) 시계방향 13K+,85,264,13.14,0.0,Seongnam-si,37.469595,127.139466,37.469609,127.139462
5220394,Segment,84,103,0.33,16.5,South Korea,37.458776,126.927794,37.460856,126.925653
20559240,봉제산점심메인업힐,83,507,0.37,10.2,Gangseo-gu,37.546764,126.856932,37.549184,126.856805
6487454,Segment,82,138,0.91,4.5,South Korea,37.544182,126.97029,37.546807,126.962094
32050839,디지털로 400m 질주,81,148,0.43,-0.1,Yeongdeungpo-gu,37.493894,126.904773,37.496705,126.907976
21610694,삼육대 트랙,81,1694,0.87,0.0,Nowon-gu,37.641801,127.107578,37.641738,127.107597
12795384,과기대 흙운동장,79,646,0.28,-0.1,,37.63012,127.077308,37.630126,127.077255
36715196,부천 중앙공원 13바퀴.by 심마루,79,401,20.28,0.0,Sinjung-dong,37.501066,126.768352,37.50112,126.768477
11789643,Hospital Road,79,829,0.29,-0.4,Seoul,37.512089,126.832608,37.51429,126.831164
5220393,Segment,78,113,0.97,7.6,South Korea,37.465384,126.931316,37.458263,126.928705
30614922,MC route A구간,77,605,1.31,0.8,Gangseo-gu,37.550159,126.816908,37.538451,126.817053
26381167,진옥자전거캠프-북한산우이령길(고현탐방로-석굴암)(JOBC),76,82,2.81,6.7,Yangju-si,37.699236,126.975369,37.694944,126.994192
22168502,Sangam TR-Autumn Course,76,215,10.02,0.0,Mapo-gu,37.569516,126.898562,37.569988,126.898421
5734327,Segment,75,157,1.15,9.6,South Korea,37.662296,127.074532,37.661416,127.085
14700901,빅토뤼아Loop,75,226,10.02,-0.0,Seoul,37.524328,126.879018,37.525089,126.87834
33856360,Heungdo Ro,75,166,0.36,1.4,덕양구,37.641788,126.85053,37.644852,126.851886
30528360,꽃향기 basic course,73,1193,4.13,0.0,Goyang-si,37.605727,126.893095,37.60586,126.893255
10643253,CCW Lap,73,726,0.35,-0.0,Goyang-si,37.631352,126.832389,37.63133,126.832418
25031972,진옥자전거캠프-소래산(쉼터-소래산)(JOBC),71,135,1.17,15.4,Namdong-gu,37.447265,126.768405,37.451839,126.77857
30460539,구공수언덕400M,70,700,0.4,-7.3,Bucheon,37.478957,126.773211,37.475998,126.770773
26678746,진옥자전거캠프-청계산(대공원등산로입구-과천매봉-대공원)(JOBC),69,154,4.39,-0.1,Gwacheon-si,37.430087,127.005813,37.430209,127.005792
3480950,경춘로24번길 40 1 Climb,69,184,1.36,4.5,Guri Si,37.600778,127.135085,37.600507,127.120457
6060117,Segment,68,365,0.64,12.4,South Korea,37.481228,127.015724,37.477043,127.013329
27379209,황금산_깔딱_2,68,311,0.39,12.0,Namyangju-si,37.604671,127.159436,37.606013,127.163073
2220757,항동 128 3 Climb,68,201,2.31,16.1,하남시,37.49061275739223,127.15703643858431,37.48663940001279,127.1779347024858
11346988,용마산9시방향 정상까지 달리기!! 울고싶은 경사도,68,140,0.66,34.0,Seoul,37.57729,127.090362,37.571371,127.09566
23073536,진옥자전거캠프-부천순환둘레길(만의골거마산입구-거마-성주산)(JOBC),67,330,1.31,11.2,Namdong-gu,37.461235,126.766692,37.47175,126.767448
13579379,Crossing - downhill,66,856,0.54,0.6,Seoul,37.514291,126.887173,37.515455,126.882922
19478921,북한산 자락길 (완전 개통),66,251,4.06,-0.6,Seodaemun-gu,37.59496,126.942796,37.596786,126.952843
9675332,시청-도로,66,249,0.97,11.5,,37.594151,127.126374,37.59336,127.117401
21711388,보마코스 1.8K,65,2181,1.78,0.0,Dongjak-gu,37.491711,126.92013,37.491757,126.920049
38148692,정발산둘레길_Maru,65,376,3.44,0.0,마두1동,37.664442,126.776282,37.664374,126.776282
17335762,The way up,64,205,0.92,3.8,Seoul,37.586618,127.02759,37.592222,127.026506
15088931,canal parkway oob,64,102,7.72,-0.2,Seoul,37.500283,127.072385,37.500216,127.073746
8882130,Aebongsan Ridge (from the south),64,78,3.09,-0.1,Seoul,37.620225,126.903721,37.636656,126.916258
29158211,RED_100_2,62,988,0.14,0.0,Namyangju-si,37.671251,127.114106,37.671149,127.11253
39441063,춘의산 벚꽃동산 러닝업힐 by.심마루,62,275,0.45,12.5,Bucheon-dong,37.508062,126.787833,37.510082,126.791638
37927722,다산 하-도 5K 달리기@StepUpBpm,61,217,5.01,0.1,다산1동,37.628376,127.14527,37.6295,127.14623
38235842,SikSa Loop,61,2601,1.02,0.2,식사동,37.679256,126.818093,37.679193,126.818168
29910020,진옥자전거캠프-불암산(별내근린공원-애기봉)(JOBC),60,397,1.74,7.0,Namyangju-si,37.654348,127.113121,37.660949,127.10151
38159215,삼육대 트랙 1km,60,1284,1.0,-0.2,Gongneung-dong,37.641619,127.106962,37.641913,127.108078
29743772,도서관 언덕,60,528,0.57,3.6,Bucheon,37.498692,126.792485,37.499088,126.797089
3080455,작동 산5 4 Climb,60,285,0.82,6.0,Bucheon Si,37.521256,126.820637,37.517257,126.824309
12324450,Head Over Heels,59,126,0.11,12.1,Seoul,37.515196,127.04366,37.514257,127.043826
5363680,Segment,59,131,0.63,8.7,South Korea,37.502901,126.811442,37.498771,126.815024
29158199,RED_100_1,59,895,0.13,0.0,Namyangju-si,37.671129,127.112661,37.671244,127.114135
6585484,Segment,58,104,0.59,7.7,South Korea,37.552615,126.853323,37.549766,126.857841
30261521,산기슭공원 짧은업힐 [kwssite],58,650,0.13,12.9,Siheung-dong,37.462868,126.907015,37.463996,126.906867
11007392,러닝훈련-2,58,1437,0.39,-0.7,Goyang-si,37.663088,126.841162,37.660721,126.83808
19698662,원터근린공원 한바퀴,58,1282,0.54,0.0,Gangdong-gu,37.552388,127.150505,37.552383,127.150493
24722085,꽃시장 영동3교 시민의숲,58,255,4.9,-0.2,Seocho-gu,37.467322,127.038484,37.471121,127.038034
18298993,400m,58,1716,0.4,0.6,Goyang-si,37.660743,126.838015,37.663172,126.841169
4201633,Segment,57,113,1.22,9.4,South Korea,37.673659,127.030083,37.671003,127.018798
29681632,진옥자전거캠프-노고산(오금동-쉼터)(JOBC),57,144,0.82,8.7,Goyang-si,37.664174,126.922002,37.665734,126.929292
13414437,상암TR코스1,56,216,9.79,-0.0,Seoul,37.565694,126.896539,37.565573,126.896708
11401366,[얼공]1k:분수대↔팔각정@ddamdo,55,61,1.0,-0.0,Seoul,37.549451,127.078422,37.549434,127.078464
5847849,Loop run,55,102,5.56,0.0,South Korea,37.520921,126.880449,37.520078,126.881355
15767911,여마클 10km,54,184,10.01,-0.0,Seoul,37.524762,126.936428,37.524552,126.93668
26902490,갈말근린공원 순찰,53,3345,0.47,-0.0,Nowon-gu,37.665602,127.055082,37.665502,127.054992
15762367,도봉 중랑천#1,53,146,4.02,0.1,Seoul,37.652747,127.053648,37.671192,127.049319
36834699,[HOTRC] 남양주체육문화센터 ~ 다산숲 생태공원 업힐 (by.구르는팬더),53,367,0.35,6.7,양정동,37.604027,127.176194,37.603338,127.173509
6169976,Yeoksam hill,53,181,0.28,7.7,South Korea,37.500467,127.032505,37.502798,127.031245
17347817,목감천10k run,52,332,10.01,-0.0,Gwangmyeong-si,37.476521,126.845875,37.469155,126.844188
26434535,오들로북한산둘레길65km_산러너,52,53,62.63,0.0,Eunpyeong-gu,37.655309,126.94985,37.655248,126.94976
29267955,진옥자전거캠프-성주산(종점-구름다리-하우고개)(JOBC),51,88,1.81,0.4,Bucheon,37.474085,126.770669,37.476225,126.786311
39795875,초안산 Climb,50,260,0.99,7.7,Chang-dong,37.646389,127.043338,37.639212,127.046495
28844339,West Side Low Line - On't Top Road to 둘레길,50,144,0.83,1.2,Goyang-si,37.605999,126.900761,37.600988,126.900446
38778483,소래산  uphill (내원사 - 정상),50,154,0.98,24.1,Sincheon-dong,37.445527,126.781688,37.452065,126.778767
32608827,태릉골프장 방면 트레일,50,311,0.29,7.8,Nowon-gu,37.627644,127.102378,37.62683,127.10533
31744524,수명산 업힐A_멈추지말고 끝까지! by steve,49,228,0.28,14.5,Gangseo-gu,37.550677,126.828345,37.54834,126.827588
19729959,진옥자전거캠프-이자산(일자산자연공원-해맞이광장2)(JOBC),48,109,0.49,11.8,Gangdong-gu,37.530964,127.1508,37.528442,127.15229
23088711,배수지_언덕훈련,48,506,0.35,15.6,Namyangju-si,37.66526,127.128355,37.666778,127.127122
38180205,계남공원축구장 트랙 1K,48,304,1.0,0.1,Gocheok 2(i)-dong,37.50913,126.85552,37.50886,126.85499
32792531,서서울호수공원(CW#04),47,304,0.7,0.1,Yangcheon-gu,37.526685,126.832102,37.526624,126.832141
18568695,안양천_5K,46,120,5.45,0.0,Seoul,37.535385,126.891027,37.53535,126.891013
6213740,Segment,46,71,0.45,9.3,South Korea,37.519626,127.17538,37.522419,127.1786
38159226,삼육대 트랙 1mi,45,849,1.62,-0.1,Gongneung-dong,37.641619,127.106962,37.641142,127.107918
18014925,개운산입구교차로-개운산운동장,45,167,1.39,6.4,Seoul,37.592572,127.036227,37.596149,127.02622
16296106,[hirun]월곡운동장,45,4034,0.26,0.2,Seoul,37.608875,127.043485,37.608842,127.043516
23065819,트레일_중간쉼터_넉바위,44,129,0.57,14.3,Namyangju-si,37.675945,127.12573,37.680442,127.125069
23072874,트레일_넉바위_중간쉼터,44,117,0.6,-13.1,Namyangju-si,37.680375,127.125029,37.675823,127.125687
29393886,번동hillclimb,43,186,0.32,10.1,Gangbuk-gu,37.626259,127.03611,37.624725,127.033125
19817612,관악고등학교 트랙,42,1974,0.27,-0.2,Yeongdeungpo-gu,37.521603,126.883091,37.521593,126.883089
1769007,내곡동 1 1221 Climb,42,47,0.94,5.1,서울특별시,37.45612213,127.06212632,37.45728497,127.07211377
21074278,진옥자전거캠프-성남누비길(인능산-옛골)(JOBC),42,61,3.67,-3.6,Seocho-gu,37.448781,127.088346,37.433309,127.074312
26653817,Dosin-ro 9-gil,41,441,0.37,0.9,Yeongdeungpo-gu,37.505177,126.897149,37.507792,126.894948
27914652,한바퀴,41,245,4.27,0.0,Nowon-gu,37.620365,127.09929,37.620358,127.099285
29294142,진옥자전거캠프-수락산(석림사-주봉-석림사)(JOBC),41,57,3.96,-0.0,Euijeongbu,37.700816,127.066165,37.700728,127.066126
28198215,라스포르티바챌린지 관악산둘레길32k,41,61,31.4,-0.1,Gwanak-gu,37.473919,126.981996,37.473966,126.981774
41052032,사거리- 도덕산,40,135,1.5,10.5,Cheolsan 3(sam)-dong,37.476411,126.862806,37.465761,126.857536
6715252,Segment,39,133,0.41,12.3,South Korea,37.476734,126.92486,37.474639,126.926996
12287132,Garlands,39,142,0.13,8.0,Seoul,37.514818,127.037417,37.513854,127.037417
36834709,[HOTRC] 다산숲 생태공원 업힐 (by.구르는팬더),38,212,0.41,5.7,다산2동,37.60101,127.171861,37.603455,127.173659
22303260,궁동저수지생태공원 동측,38,252,0.3,0.0,Guro-gu,37.500743,126.829231,37.50079,126.82915
8882136,Aebongsan Ridge (from the north),38,42,3.02,-0.4,Seoul,37.635942,126.915318,37.620224,126.903689
38405940,1K Training Hill,38,215,1.0,3.4,주교동,37.665271,126.826805,37.673638,126.827328
25921927,TRB화랑 - 수어장대 업힐,36,123,0.79,24.1,Hanam-si,37.480243,127.168461,37.478803,127.173837
18334410,600m,36,341,0.58,-1.0,Goyang-si,37.663165,126.841001,37.659581,126.836576
37103283,영글이누리길. 약수터까지,36,188,1.5,2.6,식사동,37.67462,126.820993,37.676713,126.831834
15153144,관악산 과천교회 > 산불감시초소(업힐),35,84,0.76,22.3,Gwacheon-si,37.435106,126.990981,37.438186,126.985191
6693837,Segment,35,81,0.44,11.3,South Korea,37.470972,126.925709,37.47456,126.927015
10116063,천장산 업힐 1,35,182,0.69,10.9,Seoul,37.605906,127.054992,37.602074,127.051736
26071372,관악산생태공원 런-업힐 [kwssite],35,176,0.34,13.2,Gwanak-gu,37.46937,126.911478,37.467198,126.913313
13611564,Winding path down the hill,34,301,0.41,-4.0,Seoul,37.588762,127.04709,37.591416,127.046297
5596335,Segment,33,33,0.6,8.3,South Korea,37.484119,127.04195,37.488712,127.042579
40789334,갈산둘레길 CCW,32,419,1.45,-1.0,Sinwol 7(chil)-dong,37.505565,126.866833,37.505571,126.866834
17591137,관용사임도,32,77,0.68,14.7,Guri-si,37.585705,127.11875,37.58154,127.113601
23169249,상아산-김재로묘 입구 Holic,31,62,1.38,-7.5,Namdong-gu,37.454259,126.765535,37.447715,126.765844
13875662,[hirun]망원정8km_몸풀기코스1,31,71,8.39,0.0,Seoul,37.549706,126.902333,37.549652,126.902404
14144972,은평뉴타운 - 안에,31,147,1.3,-2.0,Seoul,37.633873,126.931801,37.63444,126.917396
6194390,Segment,30,102,1.11,3.8,South Korea,37.49296,127.150064,37.489974,127.161184
9759312,봉화산 한바퀴(성덕사 약수터 큰바위),30,116,3.66,0.4,Seoul,37.60618,127.084968,37.606064,127.089038
19119777,Mini MHJ LOOP,30,51,5.51,-0.0,Eunpyeong-gu,37.588447,126.913821,37.588481,126.913811
6487434,Segment,30,40,0.65,8.5,South Korea,37.456501,126.990357,37.460106,126.99234
5733241,Segment,30,76,1.11,9.0,South Korea,37.628147,126.898648,37.631222,126.904405
18101906,1.0km ,29,865,0.99,0.0,Goyang-si,37.663006,126.84094,37.663115,126.841125
23104843,마곡중앙광장(CCW#2) by JWSWdaddy,29,150,0.3,0.1,Gangseo-gu,37.564486,126.826092,37.564491,126.826097
4144956,Seoul World Cup Park 10K,29,30,10.01,0.0,South Korea,37.564538,126.894925,37.564645,126.894909
8134192,공원한바퀴,27,566,0.22,0.1,Seoul,37.468381,126.926028,37.468372,126.926054
32746602,GR Park Clockwise_JK,27,291,0.33,-0.1,Songpa-gu,37.498372,127.124432,37.498392,127.124475
6259216,Segment,26,72,0.93,5.3,South Korea,37.601911,127.021319,37.599377,127.017127
4979168,Segment,26,98,0.46,10.8,South Korea,37.578845,127.062725,37.581934,127.064046
16942734,황소와악돌이10K,26,127,10.08,0.1,Bucheon,37.540073,126.820161,37.540765,126.82021
31588764,고덕교-광나루공원-고덕교_13k_BY.캐훈,25,50,12.95,-0.0,Gangdong-gu,37.564628,127.170468,37.564678,127.170437
29445995,별내_800_시계방향,25,107,0.85,0.1,Namyangju-si,37.671963,127.114714,37.672079,127.114625
20821614,진옥자전거캠프-남한산성(우익문-마천버스종점)(JOBC),24,112,2.63,-14.6,Gwangju-si,37.485267,127.175985,37.490346,127.158189
33138601,관악벽산-호압사,24,96,0.57,11.8,Geumcheon-gu,37.452417,126.916316,37.452539,126.920619
40064633,e편한 와리가리,24,766,1.04,-0.0,주교동,37.660024,126.837131,37.65999,126.83711
23396444,인라인 20lap,24,90,6.27,0.0,Nowon-gu,37.644125,127.055908,37.6441,127.055858
4871216,Segment,24,63,0.53,8.5,South Korea,37.463908,126.926507,37.461021,126.925611
28413448,진옥자전거캠프-북한산(대동문-4.19탑)(JOBC),24,26,1.87,-22.4,Goyang-si,37.640569,126.986442,37.642626,127.001031
25032012,진옥자전거캠프-소래산(쉼터-800계단입구)(JOBC),24,29,0.82,0.4,Namdong-gu,37.447366,126.768339,37.45045,126.773846
4280426,Segment,22,26,0.59,7.4,South Korea,37.54225,127.017067,37.546426,127.018917
27641932,종합운동장 10km,22,109,10.01,0.0,Nowon-gu,37.627434,127.099751,37.628103,127.099109
27310844,2021관악트레일 (개인확인용,22,28,9.91,-0.1,Gwanak-gu,37.476387,126.980142,37.476584,126.979799
33138871,진옥자전거캠프-광명4산(철산역-도덕산Segment),22,60,1.79,9.6,Gwangmyeong-si,37.475465,126.865849,37.465529,126.857354
6487492,Segment,21,27,1.03,7.0,South Korea,37.568006,126.929597,37.572121,126.925581
32806179,개화산 언덕 순환,21,54,2.29,-0.1,Gangseo-gu,37.576533,126.808089,37.57647,126.807921
26032053,UTKC_관악산왕복버티컬레이스,21,36,14.48,0.2,Gwanak-gu,37.470349,126.977344,37.47015,126.977178
9685788,[휴레] 봉화산 둘레길 한 바퀴,21,73,4.01,0.0,Seoul,37.611262,127.082819,37.611045,127.082732
30522012,꽃향기 런,20,111,4.7,0.1,Goyang-si,37.605491,126.893687,37.605959,126.893271
41088300,호암산(호압사),20,76,0.98,26.2,Siheung 2(i)-dong,37.452542,126.921323,37.451139,126.928464
6487547,Segment,19,35,0.72,11.1,South Korea,37.632959,127.028234,37.62925,127.030585
25933753,TRB 화랑- 오금공원 버티컬3,19,148,0.22,-0.3,Ogeum-dong,37.499891,127.13376,37.499933,127.133728
29503954,진옥자전거캠프-노고산(솔고개등산로입구-장흥갈림길)(JOBC),19,11,0.6,25.8,Yangju-si,37.697172,126.964005,37.699873,126.960521
23003773,강서철인클럽 근전환 코스,19,129,1.34,-0.5,Gangseo-gu,37.546542,126.824119,37.546612,126.824141
23927113,TRB - 오금공원,18,331,0.26,-3.4,Songpa-gu,37.503239,127.132623,37.504304,127.133074
35801460,동네 한바퀴 뛰기,18,40,2.51,0.0,Beoman-dong,37.463978,126.827886,37.464078,126.827858
37408761,오류동역 1k,18,648,1.0,0.1,Oryu 1(il)-dong,37.495161,126.844008,37.495246,126.844051
34410820,대림아파트 공원 >> 관악산 둘레길,17,35,0.54,19.6,만안구,37.431023,126.905993,37.431846,126.910947
5846433,Segment,17,29,0.68,5.9,South Korea,37.532095,126.847168,37.536768,126.844066
24094576,Dopo 1bv ponte al lago,17,16,0.48,-1.1,Mapo-gu,37.561794,126.896505,37.562894,126.896298
30291440,진옥자전거캠프-거마산(송내공원-거마산)(JOBC),16,23,1.76,9.7,Bucheon,37.479813,126.764039,37.466633,126.765899
27777751,진옥자전거캠프-북한산(우이.방학갈림길-우이암-방학.우이갈림길)(JOBC),16,30,3.33,-0.0,Dobong-gu,37.675126,127.013986,37.675118,127.013975
17364425,Seodalsan: The Climb and the Fall,15,26,2.66,0.8,Seoul,37.50682,126.966843,37.489331,126.96575
37408902,오류동역-문화공원 2k,15,200,2.0,0.0,Oryu 1(il)-dong,37.495193,126.844002,37.495186,126.84392
28960448,성산 파틀렉 1000m,15,42,1.02,3.2,Mapo-gu,37.560987,126.914961,37.560995,126.914959
22303257,궁동저수지생태공원 서측,15,64,0.41,0.0,Guro-gu,37.500834,126.828847,37.500868,126.828932
22350595,진옥자전거캠프-불암산(천보사-헬기장)(JOBC),15,25,0.64,29.4,Namyangju-si,37.656182,127.095366,37.657712,127.091829
17138730,삼성산 시민 휴식 공원 #1,14,202,0.28,-1.2,Seoul,37.454817,126.910413,37.45478,126.910404
40608282,iljasan trail running,14,41,1.41,-0.1,Dunchon 2(i)-dong,37.52445,127.14903,37.534608,127.154135
28037549,봉화산 둘레길 1바퀴_반시계방향,14,62,4.12,-0.4,Jungnang-gu,37.612628,127.090843,37.612989,127.091054
11137163,위시티_달리기_6KM,13,67,6.19,0.0,Goyang-si,37.683796,126.812873,37.683763,126.812146
28375533,중랑천육교↔당현천,13,26,12.95,-0.0,Nowon-gu,37.667187,127.050099,37.667165,127.050074
16333085,[hirun]월곡초등학교 운동장,13,337,0.29,0.0,,37.609489,127.04585,37.609455,127.045901
38442853,군부대 업힐훈련,13,101,0.32,7.9,원신동,37.674221,126.839682,37.672857,126.836956
28738524,스타필드뺑뻉,13,159,1.39,0.1,Goyang-si,37.648213,126.89502,37.648348,126.895022
27298004,자운봉-도봉탐방로,13,12,3.22,-18.4,Dobong-gu,37.700932,127.016829,37.686339,127.035807
11913114,훼밀리아파트5KM-마트조형물시작,12,18,5.01,-0.1,Seoul,37.49174,127.116785,37.491119,127.114273
36066903,Hwasu Park Loop,12,94,0.49,0.0,화정1동,37.644109,126.837108,37.644101,126.837138
21855229,520m loop,12,215,0.53,-0.6,Goyang-si,37.677815,126.813471,37.677795,126.813436
6693151,Segment,11,15,0.78,10.2,South Korea,37.49899,127.154807,37.503426,127.157583
24397233,TRB -  이성산 버티칼,11,18,0.45,24.8,Hanam-si,37.52865,127.178726,37.527907,127.182362
10178152,삼육고-도로,11,26,0.66,13.3,,37.597769,127.126535,37.594954,127.120119
6487452,Segment,11,26,0.63,11.5,South Korea,37.630016,127.054042,37.634554,127.054744
40444327,RUNRUNRUN 도덕산-구름산-보건소,10,12,6.78,-2.5,Haan 1(il)-dong,37.46555,126.85737,37.456101,126.879424
5562883,Segment,10,13,0.78,9.4,South Korea,37.517031,127.171467,37.520284,127.178177
28216606,Jeungsan 5k - The Climb,10,25,0.84,15.8,Eunpyeong-gu,37.585366,126.904922,37.59013,126.900157
